[    1227ms] [INFO] %cDownload the React DevTools for a better development experience: https://react.dev/link/react-devtools font-weight:bold @ webpack-internal:///(app-pages-browser)/./node_modules/.pnpm/next@16.2.1_@babel+core@7.2_362c6897e98f78157a7f59905ed20b55/node_modules/next/dist/next-devtools/shared/forward-logs-shared.js:27
[    1403ms] [LOG] [HMR] connected @ webpack-internal:///(app-pages-browser)/./node_modules/.pnpm/next@16.2.1_@babel+core@7.2_362c6897e98f78157a7f59905ed20b55/node_modules/next/dist/next-devtools/shared/forward-logs-shared.js:27
[    1719ms] [LOG] [Fast Refresh] rebuilding @ webpack-internal:///(app-pages-browser)/./node_modules/.pnpm/next@16.2.1_@babel+core@7.2_362c6897e98f78157a7f59905ed20b55/node_modules/next/dist/next-devtools/shared/forward-logs-shared.js:27
[    1850ms] [LOG] [Fast Refresh] done in 131ms @ webpack-internal:///(app-pages-browser)/./node_modules/.pnpm/next@16.2.1_@babel+core@7.2_362c6897e98f78157a7f59905ed20b55/node_modules/next/dist/next-devtools/shared/forward-logs-shared.js:27
[    2113ms] [LOG] [Fast Refresh] rebuilding @ webpack-internal:///(app-pages-browser)/./node_modules/.pnpm/next@16.2.1_@babel+core@7.2_362c6897e98f78157a7f59905ed20b55/node_modules/next/dist/next-devtools/shared/forward-logs-shared.js:27
[    2243ms] [LOG] [Fast Refresh] done in 129ms @ webpack-internal:///(app-pages-browser)/./node_modules/.pnpm/next@16.2.1_@babel+core@7.2_362c6897e98f78157a7f59905ed20b55/node_modules/next/dist/next-devtools/shared/forward-logs-shared.js:27
[    2449ms] [LOG] [Fast Refresh] rebuilding @ webpack-internal:///(app-pages-browser)/./node_modules/.pnpm/next@16.2.1_@babel+core@7.2_362c6897e98f78157a7f59905ed20b55/node_modules/next/dist/next-devtools/shared/forward-logs-shared.js:27
[    2589ms] [LOG] [Fast Refresh] done in 140ms @ webpack-internal:///(app-pages-browser)/./node_modules/.pnpm/next@16.2.1_@babel+core@7.2_362c6897e98f78157a7f59905ed20b55/node_modules/next/dist/next-devtools/shared/forward-logs-shared.js:27
[    2826ms] [LOG] [Fast Refresh] rebuilding @ webpack-internal:///(app-pages-browser)/./node_modules/.pnpm/next@16.2.1_@babel+core@7.2_362c6897e98f78157a7f59905ed20b55/node_modules/next/dist/next-devtools/shared/forward-logs-shared.js:27
[    2966ms] [LOG] [Fast Refresh] done in 140ms @ webpack-internal:///(app-pages-browser)/./node_modules/.pnpm/next@16.2.1_@babel+core@7.2_362c6897e98f78157a7f59905ed20b55/node_modules/next/dist/next-devtools/shared/forward-logs-shared.js:27
[    3182ms] [LOG] [Fast Refresh] rebuilding @ webpack-internal:///(app-pages-browser)/./node_modules/.pnpm/next@16.2.1_@babel+core@7.2_362c6897e98f78157a7f59905ed20b55/node_modules/next/dist/next-devtools/shared/forward-logs-shared.js:27
[    3284ms] [LOG] [Fast Refresh] done in 101ms @ webpack-internal:///(app-pages-browser)/./node_modules/.pnpm/next@16.2.1_@babel+core@7.2_362c6897e98f78157a7f59905ed20b55/node_modules/next/dist/next-devtools/shared/forward-logs-shared.js:27
[    3499ms] [LOG] [Fast Refresh] rebuilding @ webpack-internal:///(app-pages-browser)/./node_modules/.pnpm/next@16.2.1_@babel+core@7.2_362c6897e98f78157a7f59905ed20b55/node_modules/next/dist/next-devtools/shared/forward-logs-shared.js:27
[    3651ms] [LOG] [Fast Refresh] done in 152ms @ webpack-internal:///(app-pages-browser)/./node_modules/.pnpm/next@16.2.1_@babel+core@7.2_362c6897e98f78157a7f59905ed20b55/node_modules/next/dist/next-devtools/shared/forward-logs-shared.js:27
[    3856ms] [LOG] [Fast Refresh] rebuilding @ webpack-internal:///(app-pages-browser)/./node_modules/.pnpm/next@16.2.1_@babel+core@7.2_362c6897e98f78157a7f59905ed20b55/node_modules/next/dist/next-devtools/shared/forward-logs-shared.js:27
[    3978ms] [LOG] [Fast Refresh] done in 122ms @ webpack-internal:///(app-pages-browser)/./node_modules/.pnpm/next@16.2.1_@babel+core@7.2_362c6897e98f78157a7f59905ed20b55/node_modules/next/dist/next-devtools/shared/forward-logs-shared.js:27
[    4273ms] [LOG] [Fast Refresh] rebuilding @ webpack-internal:///(app-pages-browser)/./node_modules/.pnpm/next@16.2.1_@babel+core@7.2_362c6897e98f78157a7f59905ed20b55/node_modules/next/dist/next-devtools/shared/forward-logs-shared.js:27
[    4400ms] [LOG] [Fast Refresh] done in 127ms @ webpack-internal:///(app-pages-browser)/./node_modules/.pnpm/next@16.2.1_@babel+core@7.2_362c6897e98f78157a7f59905ed20b55/node_modules/next/dist/next-devtools/shared/forward-logs-shared.js:27
[    4618ms] [LOG] [Fast Refresh] rebuilding @ webpack-internal:///(app-pages-browser)/./node_modules/.pnpm/next@16.2.1_@babel+core@7.2_362c6897e98f78157a7f59905ed20b55/node_modules/next/dist/next-devtools/shared/forward-logs-shared.js:27
[    4773ms] [LOG] [Fast Refresh] done in 156ms @ webpack-internal:///(app-pages-browser)/./node_modules/.pnpm/next@16.2.1_@babel+core@7.2_362c6897e98f78157a7f59905ed20b55/node_modules/next/dist/next-devtools/shared/forward-logs-shared.js:27
[    5029ms] [LOG] [Fast Refresh] rebuilding @ webpack-internal:///(app-pages-browser)/./node_modules/.pnpm/next@16.2.1_@babel+core@7.2_362c6897e98f78157a7f59905ed20b55/node_modules/next/dist/next-devtools/shared/forward-logs-shared.js:27
[    5201ms] [LOG] [Fast Refresh] done in 172ms @ webpack-internal:///(app-pages-browser)/./node_modules/.pnpm/next@16.2.1_@babel+core@7.2_362c6897e98f78157a7f59905ed20b55/node_modules/next/dist/next-devtools/shared/forward-logs-shared.js:27
[    5440ms] [LOG] [Fast Refresh] rebuilding @ webpack-internal:///(app-pages-browser)/./node_modules/.pnpm/next@16.2.1_@babel+core@7.2_362c6897e98f78157a7f59905ed20b55/node_modules/next/dist/next-devtools/shared/forward-logs-shared.js:27
[    5570ms] [LOG] [Fast Refresh] done in 131ms @ webpack-internal:///(app-pages-browser)/./node_modules/.pnpm/next@16.2.1_@babel+core@7.2_362c6897e98f78157a7f59905ed20b55/node_modules/next/dist/next-devtools/shared/forward-logs-shared.js:27
[    5801ms] [LOG] [Fast Refresh] rebuilding @ webpack-internal:///(app-pages-browser)/./node_modules/.pnpm/next@16.2.1_@babel+core@7.2_362c6897e98f78157a7f59905ed20b55/node_modules/next/dist/next-devtools/shared/forward-logs-shared.js:27
[    5941ms] [LOG] [Fast Refresh] done in 139ms @ webpack-internal:///(app-pages-browser)/./node_modules/.pnpm/next@16.2.1_@babel+core@7.2_362c6897e98f78157a7f59905ed20b55/node_modules/next/dist/next-devtools/shared/forward-logs-shared.js:27
[    6192ms] [LOG] [Fast Refresh] rebuilding @ webpack-internal:///(app-pages-browser)/./node_modules/.pnpm/next@16.2.1_@babel+core@7.2_362c6897e98f78157a7f59905ed20b55/node_modules/next/dist/next-devtools/shared/forward-logs-shared.js:27
[    6359ms] [LOG] [Fast Refresh] done in 167ms @ webpack-internal:///(app-pages-browser)/./node_modules/.pnpm/next@16.2.1_@babel+core@7.2_362c6897e98f78157a7f59905ed20b55/node_modules/next/dist/next-devtools/shared/forward-logs-shared.js:27
[    6590ms] [LOG] [Fast Refresh] rebuilding @ webpack-internal:///(app-pages-browser)/./node_modules/.pnpm/next@16.2.1_@babel+core@7.2_362c6897e98f78157a7f59905ed20b55/node_modules/next/dist/next-devtools/shared/forward-logs-shared.js:27
[    6775ms] [LOG] [Fast Refresh] done in 186ms @ webpack-internal:///(app-pages-browser)/./node_modules/.pnpm/next@16.2.1_@babel+core@7.2_362c6897e98f78157a7f59905ed20b55/node_modules/next/dist/next-devtools/shared/forward-logs-shared.js:27
[    7018ms] [LOG] [Fast Refresh] rebuilding @ webpack-internal:///(app-pages-browser)/./node_modules/.pnpm/next@16.2.1_@babel+core@7.2_362c6897e98f78157a7f59905ed20b55/node_modules/next/dist/next-devtools/shared/forward-logs-shared.js:27
[    7176ms] [LOG] [Fast Refresh] done in 159ms @ webpack-internal:///(app-pages-browser)/./node_modules/.pnpm/next@16.2.1_@babel+core@7.2_362c6897e98f78157a7f59905ed20b55/node_modules/next/dist/next-devtools/shared/forward-logs-shared.js:27
[    7437ms] [LOG] [Fast Refresh] rebuilding @ webpack-internal:///(app-pages-browser)/./node_modules/.pnpm/next@16.2.1_@babel+core@7.2_362c6897e98f78157a7f59905ed20b55/node_modules/next/dist/next-devtools/shared/forward-logs-shared.js:27
[    7574ms] [LOG] [Fast Refresh] done in 137ms @ webpack-internal:///(app-pages-browser)/./node_modules/.pnpm/next@16.2.1_@babel+core@7.2_362c6897e98f78157a7f59905ed20b55/node_modules/next/dist/next-devtools/shared/forward-logs-shared.js:27
[    7807ms] [LOG] [Fast Refresh] rebuilding @ webpack-internal:///(app-pages-browser)/./node_modules/.pnpm/next@16.2.1_@babel+core@7.2_362c6897e98f78157a7f59905ed20b55/node_modules/next/dist/next-devtools/shared/forward-logs-shared.js:27
[    7958ms] [LOG] [Fast Refresh] done in 151ms @ webpack-internal:///(app-pages-browser)/./node_modules/.pnpm/next@16.2.1_@babel+core@7.2_362c6897e98f78157a7f59905ed20b55/node_modules/next/dist/next-devtools/shared/forward-logs-shared.js:27
[    8190ms] [LOG] [Fast Refresh] rebuilding @ webpack-internal:///(app-pages-browser)/./node_modules/.pnpm/next@16.2.1_@babel+core@7.2_362c6897e98f78157a7f59905ed20b55/node_modules/next/dist/next-devtools/shared/forward-logs-shared.js:27
[    8333ms] [LOG] [Fast Refresh] done in 144ms @ webpack-internal:///(app-pages-browser)/./node_modules/.pnpm/next@16.2.1_@babel+core@7.2_362c6897e98f78157a7f59905ed20b55/node_modules/next/dist/next-devtools/shared/forward-logs-shared.js:27
[    8623ms] [LOG] [Fast Refresh] rebuilding @ webpack-internal:///(app-pages-browser)/./node_modules/.pnpm/next@16.2.1_@babel+core@7.2_362c6897e98f78157a7f59905ed20b55/node_modules/next/dist/next-devtools/shared/forward-logs-shared.js:27
[    8826ms] [LOG] [Fast Refresh] done in 202ms @ webpack-internal:///(app-pages-browser)/./node_modules/.pnpm/next@16.2.1_@babel+core@7.2_362c6897e98f78157a7f59905ed20b55/node_modules/next/dist/next-devtools/shared/forward-logs-shared.js:27
[    9072ms] [LOG] [Fast Refresh] rebuilding @ webpack-internal:///(app-pages-browser)/./node_modules/.pnpm/next@16.2.1_@babel+core@7.2_362c6897e98f78157a7f59905ed20b55/node_modules/next/dist/next-devtools/shared/forward-logs-shared.js:27
[    9213ms] [LOG] [Fast Refresh] done in 140ms @ webpack-internal:///(app-pages-browser)/./node_modules/.pnpm/next@16.2.1_@babel+core@7.2_362c6897e98f78157a7f59905ed20b55/node_modules/next/dist/next-devtools/shared/forward-logs-shared.js:27
[    9460ms] [LOG] [Fast Refresh] rebuilding @ webpack-internal:///(app-pages-browser)/./node_modules/.pnpm/next@16.2.1_@babel+core@7.2_362c6897e98f78157a7f59905ed20b55/node_modules/next/dist/next-devtools/shared/forward-logs-shared.js:27
[    9591ms] [LOG] [Fast Refresh] done in 131ms @ webpack-internal:///(app-pages-browser)/./node_modules/.pnpm/next@16.2.1_@babel+core@7.2_362c6897e98f78157a7f59905ed20b55/node_modules/next/dist/next-devtools/shared/forward-logs-shared.js:27
[    9865ms] [LOG] [Fast Refresh] rebuilding @ webpack-internal:///(app-pages-browser)/./node_modules/.pnpm/next@16.2.1_@babel+core@7.2_362c6897e98f78157a7f59905ed20b55/node_modules/next/dist/next-devtools/shared/forward-logs-shared.js:27
[    9984ms] [LOG] [Fast Refresh] done in 120ms @ webpack-internal:///(app-pages-browser)/./node_modules/.pnpm/next@16.2.1_@babel+core@7.2_362c6897e98f78157a7f59905ed20b55/node_modules/next/dist/next-devtools/shared/forward-logs-shared.js:27
[   10198ms] [LOG] [Fast Refresh] rebuilding @ webpack-internal:///(app-pages-browser)/./node_modules/.pnpm/next@16.2.1_@babel+core@7.2_362c6897e98f78157a7f59905ed20b55/node_modules/next/dist/next-devtools/shared/forward-logs-shared.js:27
[   10338ms] [LOG] [Fast Refresh] done in 141ms @ webpack-internal:///(app-pages-browser)/./node_modules/.pnpm/next@16.2.1_@babel+core@7.2_362c6897e98f78157a7f59905ed20b55/node_modules/next/dist/next-devtools/shared/forward-logs-shared.js:27
[   10557ms] [LOG] [Fast Refresh] rebuilding @ webpack-internal:///(app-pages-browser)/./node_modules/.pnpm/next@16.2.1_@babel+core@7.2_362c6897e98f78157a7f59905ed20b55/node_modules/next/dist/next-devtools/shared/forward-logs-shared.js:27
[   10723ms] [LOG] [Fast Refresh] done in 165ms @ webpack-internal:///(app-pages-browser)/./node_modules/.pnpm/next@16.2.1_@babel+core@7.2_362c6897e98f78157a7f59905ed20b55/node_modules/next/dist/next-devtools/shared/forward-logs-shared.js:27
[   10916ms] [LOG] [Fast Refresh] rebuilding @ webpack-internal:///(app-pages-browser)/./node_modules/.pnpm/next@16.2.1_@babel+core@7.2_362c6897e98f78157a7f59905ed20b55/node_modules/next/dist/next-devtools/shared/forward-logs-shared.js:27
[   11074ms] [LOG] [Fast Refresh] done in 159ms @ webpack-internal:///(app-pages-browser)/./node_modules/.pnpm/next@16.2.1_@babel+core@7.2_362c6897e98f78157a7f59905ed20b55/node_modules/next/dist/next-devtools/shared/forward-logs-shared.js:27
[   11272ms] [LOG] [Fast Refresh] rebuilding @ webpack-internal:///(app-pages-browser)/./node_modules/.pnpm/next@16.2.1_@babel+core@7.2_362c6897e98f78157a7f59905ed20b55/node_modules/next/dist/next-devtools/shared/forward-logs-shared.js:27
[   11406ms] [LOG] [Fast Refresh] done in 135ms @ webpack-internal:///(app-pages-browser)/./node_modules/.pnpm/next@16.2.1_@babel+core@7.2_362c6897e98f78157a7f59905ed20b55/node_modules/next/dist/next-devtools/shared/forward-logs-shared.js:27
[   11653ms] [LOG] [Fast Refresh] rebuilding @ webpack-internal:///(app-pages-browser)/./node_modules/.pnpm/next@16.2.1_@babel+core@7.2_362c6897e98f78157a7f59905ed20b55/node_modules/next/dist/next-devtools/shared/forward-logs-shared.js:27
[   11839ms] [LOG] [Fast Refresh] done in 187ms @ webpack-internal:///(app-pages-browser)/./node_modules/.pnpm/next@16.2.1_@babel+core@7.2_362c6897e98f78157a7f59905ed20b55/node_modules/next/dist/next-devtools/shared/forward-logs-shared.js:27
[   12044ms] [LOG] [Fast Refresh] rebuilding @ webpack-internal:///(app-pages-browser)/./node_modules/.pnpm/next@16.2.1_@babel+core@7.2_362c6897e98f78157a7f59905ed20b55/node_modules/next/dist/next-devtools/shared/forward-logs-shared.js:27
[   12198ms] [LOG] [Fast Refresh] done in 155ms @ webpack-internal:///(app-pages-browser)/./node_modules/.pnpm/next@16.2.1_@babel+core@7.2_362c6897e98f78157a7f59905ed20b55/node_modules/next/dist/next-devtools/shared/forward-logs-shared.js:27
[   12426ms] [LOG] [Fast Refresh] rebuilding @ webpack-internal:///(app-pages-browser)/./node_modules/.pnpm/next@16.2.1_@babel+core@7.2_362c6897e98f78157a7f59905ed20b55/node_modules/next/dist/next-devtools/shared/forward-logs-shared.js:27
[   12588ms] [LOG] [Fast Refresh] done in 162ms @ webpack-internal:///(app-pages-browser)/./node_modules/.pnpm/next@16.2.1_@babel+core@7.2_362c6897e98f78157a7f59905ed20b55/node_modules/next/dist/next-devtools/shared/forward-logs-shared.js:27
[   12790ms] [LOG] [Fast Refresh] rebuilding @ webpack-internal:///(app-pages-browser)/./node_modules/.pnpm/next@16.2.1_@babel+core@7.2_362c6897e98f78157a7f59905ed20b55/node_modules/next/dist/next-devtools/shared/forward-logs-shared.js:27
[   12916ms] [LOG] [Fast Refresh] done in 126ms @ webpack-internal:///(app-pages-browser)/./node_modules/.pnpm/next@16.2.1_@babel+core@7.2_362c6897e98f78157a7f59905ed20b55/node_modules/next/dist/next-devtools/shared/forward-logs-shared.js:27
[   13159ms] [LOG] [Fast Refresh] rebuilding @ webpack-internal:///(app-pages-browser)/./node_modules/.pnpm/next@16.2.1_@babel+core@7.2_362c6897e98f78157a7f59905ed20b55/node_modules/next/dist/next-devtools/shared/forward-logs-shared.js:27
[   15606ms] [INFO] %cDownload the React DevTools for a better development experience: https://react.dev/link/react-devtools font-weight:bold @ webpack-internal:///(app-pages-browser)/./node_modules/.pnpm/next@16.2.1_@babel+core@7.2_362c6897e98f78157a7f59905ed20b55/node_modules/next/dist/next-devtools/shared/forward-logs-shared.js:27
[   15690ms] [LOG] [HMR] connected @ webpack-internal:///(app-pages-browser)/./node_modules/.pnpm/next@16.2.1_@babel+core@7.2_362c6897e98f78157a7f59905ed20b55/node_modules/next/dist/next-devtools/shared/forward-logs-shared.js:27
[   16201ms] [LOG] [Fast Refresh] rebuilding @ webpack-internal:///(app-pages-browser)/./node_modules/.pnpm/next@16.2.1_@babel+core@7.2_362c6897e98f78157a7f59905ed20b55/node_modules/next/dist/next-devtools/shared/forward-logs-shared.js:27
[   16443ms] [WARNING] [Fast Refresh] performing full reload

Fast Refresh will perform a full reload when you edit a file that's imported by modules outside of the React rendering tree.
You might have a file which exports a React component but also exports a value that is imported by a non-React component file.
Consider migrating the non-React component export to a separate file and importing it into both files.

It is also possible the parent component of the component you edited is a class component, which disables Fast Refresh.
Fast Refresh requires at least one parent function component in your React tree. @ webpack-internal:///(app-pages-browser)/./node_modules/.pnpm/next@16.2.1_@babel+core@7.2_362c6897e98f78157a7f59905ed20b55/node_modules/next/dist/next-devtools/shared/forward-logs-shared.js:27
[   17716ms] [INFO] %cDownload the React DevTools for a better development experience: https://react.dev/link/react-devtools font-weight:bold @ webpack-internal:///(app-pages-browser)/./node_modules/.pnpm/next@16.2.1_@babel+core@7.2_362c6897e98f78157a7f59905ed20b55/node_modules/next/dist/next-devtools/shared/forward-logs-shared.js:27
[   17804ms] [LOG] [HMR] connected @ webpack-internal:///(app-pages-browser)/./node_modules/.pnpm/next@16.2.1_@babel+core@7.2_362c6897e98f78157a7f59905ed20b55/node_modules/next/dist/next-devtools/shared/forward-logs-shared.js:27
[   18257ms] [LOG] [Fast Refresh] rebuilding @ webpack-internal:///(app-pages-browser)/./node_modules/.pnpm/next@16.2.1_@babel+core@7.2_362c6897e98f78157a7f59905ed20b55/node_modules/next/dist/next-devtools/shared/forward-logs-shared.js:27
[   18589ms] [LOG] [Fast Refresh] done in 333ms @ webpack-internal:///(app-pages-browser)/./node_modules/.pnpm/next@16.2.1_@babel+core@7.2_362c6897e98f78157a7f59905ed20b55/node_modules/next/dist/next-devtools/shared/forward-logs-shared.js:27
[   18640ms] [LOG] [Fast Refresh] rebuilding @ webpack-internal:///(app-pages-browser)/./node_modules/.pnpm/next@16.2.1_@babel+core@7.2_362c6897e98f78157a7f59905ed20b55/node_modules/next/dist/next-devtools/shared/forward-logs-shared.js:27
[   18780ms] [LOG] [Fast Refresh] done in 139ms @ webpack-internal:///(app-pages-browser)/./node_modules/.pnpm/next@16.2.1_@babel+core@7.2_362c6897e98f78157a7f59905ed20b55/node_modules/next/dist/next-devtools/shared/forward-logs-shared.js:27
[   18987ms] [LOG] [Fast Refresh] rebuilding @ webpack-internal:///(app-pages-browser)/./node_modules/.pnpm/next@16.2.1_@babel+core@7.2_362c6897e98f78157a7f59905ed20b55/node_modules/next/dist/next-devtools/shared/forward-logs-shared.js:27
[   19158ms] [LOG] [Fast Refresh] done in 172ms @ webpack-internal:///(app-pages-browser)/./node_modules/.pnpm/next@16.2.1_@babel+core@7.2_362c6897e98f78157a7f59905ed20b55/node_modules/next/dist/next-devtools/shared/forward-logs-shared.js:27
[   19377ms] [LOG] [Fast Refresh] rebuilding @ webpack-internal:///(app-pages-browser)/./node_modules/.pnpm/next@16.2.1_@babel+core@7.2_362c6897e98f78157a7f59905ed20b55/node_modules/next/dist/next-devtools/shared/forward-logs-shared.js:27
[   19534ms] [LOG] [Fast Refresh] done in 158ms @ webpack-internal:///(app-pages-browser)/./node_modules/.pnpm/next@16.2.1_@babel+core@7.2_362c6897e98f78157a7f59905ed20b55/node_modules/next/dist/next-devtools/shared/forward-logs-shared.js:27
[   19738ms] [LOG] [Fast Refresh] rebuilding @ webpack-internal:///(app-pages-browser)/./node_modules/.pnpm/next@16.2.1_@babel+core@7.2_362c6897e98f78157a7f59905ed20b55/node_modules/next/dist/next-devtools/shared/forward-logs-shared.js:27
[   19890ms] [LOG] [Fast Refresh] done in 152ms @ webpack-internal:///(app-pages-browser)/./node_modules/.pnpm/next@16.2.1_@babel+core@7.2_362c6897e98f78157a7f59905ed20b55/node_modules/next/dist/next-devtools/shared/forward-logs-shared.js:27
[   20082ms] [LOG] [Fast Refresh] rebuilding @ webpack-internal:///(app-pages-browser)/./node_modules/.pnpm/next@16.2.1_@babel+core@7.2_362c6897e98f78157a7f59905ed20b55/node_modules/next/dist/next-devtools/shared/forward-logs-shared.js:27
[   20238ms] [LOG] [Fast Refresh] done in 156ms @ webpack-internal:///(app-pages-browser)/./node_modules/.pnpm/next@16.2.1_@babel+core@7.2_362c6897e98f78157a7f59905ed20b55/node_modules/next/dist/next-devtools/shared/forward-logs-shared.js:27
[   20441ms] [LOG] [Fast Refresh] rebuilding @ webpack-internal:///(app-pages-browser)/./node_modules/.pnpm/next@16.2.1_@babel+core@7.2_362c6897e98f78157a7f59905ed20b55/node_modules/next/dist/next-devtools/shared/forward-logs-shared.js:27
[   20610ms] [LOG] [Fast Refresh] done in 169ms @ webpack-internal:///(app-pages-browser)/./node_modules/.pnpm/next@16.2.1_@babel+core@7.2_362c6897e98f78157a7f59905ed20b55/node_modules/next/dist/next-devtools/shared/forward-logs-shared.js:27
[   20826ms] [LOG] [Fast Refresh] rebuilding @ webpack-internal:///(app-pages-browser)/./node_modules/.pnpm/next@16.2.1_@babel+core@7.2_362c6897e98f78157a7f59905ed20b55/node_modules/next/dist/next-devtools/shared/forward-logs-shared.js:27
[   20967ms] [LOG] [Fast Refresh] done in 140ms @ webpack-internal:///(app-pages-browser)/./node_modules/.pnpm/next@16.2.1_@babel+core@7.2_362c6897e98f78157a7f59905ed20b55/node_modules/next/dist/next-devtools/shared/forward-logs-shared.js:27
[   21156ms] [LOG] [Fast Refresh] rebuilding @ webpack-internal:///(app-pages-browser)/./node_modules/.pnpm/next@16.2.1_@babel+core@7.2_362c6897e98f78157a7f59905ed20b55/node_modules/next/dist/next-devtools/shared/forward-logs-shared.js:27
[   21322ms] [LOG] [Fast Refresh] done in 166ms @ webpack-internal:///(app-pages-browser)/./node_modules/.pnpm/next@16.2.1_@babel+core@7.2_362c6897e98f78157a7f59905ed20b55/node_modules/next/dist/next-devtools/shared/forward-logs-shared.js:27
[   21513ms] [LOG] [Fast Refresh] rebuilding @ webpack-internal:///(app-pages-browser)/./node_modules/.pnpm/next@16.2.1_@babel+core@7.2_362c6897e98f78157a7f59905ed20b55/node_modules/next/dist/next-devtools/shared/forward-logs-shared.js:27
[   21643ms] [LOG] [Fast Refresh] done in 130ms @ webpack-internal:///(app-pages-browser)/./node_modules/.pnpm/next@16.2.1_@babel+core@7.2_362c6897e98f78157a7f59905ed20b55/node_modules/next/dist/next-devtools/shared/forward-logs-shared.js:27
[   21919ms] [LOG] [Fast Refresh] rebuilding @ webpack-internal:///(app-pages-browser)/./node_modules/.pnpm/next@16.2.1_@babel+core@7.2_362c6897e98f78157a7f59905ed20b55/node_modules/next/dist/next-devtools/shared/forward-logs-shared.js:27
[   22058ms] [LOG] [Fast Refresh] done in 139ms @ webpack-internal:///(app-pages-browser)/./node_modules/.pnpm/next@16.2.1_@babel+core@7.2_362c6897e98f78157a7f59905ed20b55/node_modules/next/dist/next-devtools/shared/forward-logs-shared.js:27
[   22264ms] [LOG] [Fast Refresh] rebuilding @ webpack-internal:///(app-pages-browser)/./node_modules/.pnpm/next@16.2.1_@babel+core@7.2_362c6897e98f78157a7f59905ed20b55/node_modules/next/dist/next-devtools/shared/forward-logs-shared.js:27
[   22392ms] [LOG] [Fast Refresh] done in 127ms @ webpack-internal:///(app-pages-browser)/./node_modules/.pnpm/next@16.2.1_@babel+core@7.2_362c6897e98f78157a7f59905ed20b55/node_modules/next/dist/next-devtools/shared/forward-logs-shared.js:27
[   22605ms] [LOG] [Fast Refresh] rebuilding @ webpack-internal:///(app-pages-browser)/./node_modules/.pnpm/next@16.2.1_@babel+core@7.2_362c6897e98f78157a7f59905ed20b55/node_modules/next/dist/next-devtools/shared/forward-logs-shared.js:27
[   22758ms] [LOG] [Fast Refresh] done in 153ms @ webpack-internal:///(app-pages-browser)/./node_modules/.pnpm/next@16.2.1_@babel+core@7.2_362c6897e98f78157a7f59905ed20b55/node_modules/next/dist/next-devtools/shared/forward-logs-shared.js:27
[   25613ms] [INFO] %cDownload the React DevTools for a better development experience: https://react.dev/link/react-devtools font-weight:bold @ webpack-internal:///(app-pages-browser)/./node_modules/.pnpm/next@16.2.1_@babel+core@7.2_362c6897e98f78157a7f59905ed20b55/node_modules/next/dist/next-devtools/shared/forward-logs-shared.js:27
[   25707ms] [LOG] [HMR] connected @ webpack-internal:///(app-pages-browser)/./node_modules/.pnpm/next@16.2.1_@babel+core@7.2_362c6897e98f78157a7f59905ed20b55/node_modules/next/dist/next-devtools/shared/forward-logs-shared.js:27
[   26968ms] [LOG] [Fast Refresh] rebuilding @ webpack-internal:///(app-pages-browser)/./node_modules/.pnpm/next@16.2.1_@babel+core@7.2_362c6897e98f78157a7f59905ed20b55/node_modules/next/dist/next-devtools/shared/forward-logs-shared.js:27
[   27255ms] [LOG] [Fast Refresh] done in 286ms @ webpack-internal:///(app-pages-browser)/./node_modules/.pnpm/next@16.2.1_@babel+core@7.2_362c6897e98f78157a7f59905ed20b55/node_modules/next/dist/next-devtools/shared/forward-logs-shared.js:27
[   27371ms] [LOG] [Fast Refresh] rebuilding @ webpack-internal:///(app-pages-browser)/./node_modules/.pnpm/next@16.2.1_@babel+core@7.2_362c6897e98f78157a7f59905ed20b55/node_modules/next/dist/next-devtools/shared/forward-logs-shared.js:27
[   27488ms] [LOG] [Fast Refresh] done in 117ms @ webpack-internal:///(app-pages-browser)/./node_modules/.pnpm/next@16.2.1_@babel+core@7.2_362c6897e98f78157a7f59905ed20b55/node_modules/next/dist/next-devtools/shared/forward-logs-shared.js:27
[   27702ms] [LOG] [Fast Refresh] rebuilding @ webpack-internal:///(app-pages-browser)/./node_modules/.pnpm/next@16.2.1_@babel+core@7.2_362c6897e98f78157a7f59905ed20b55/node_modules/next/dist/next-devtools/shared/forward-logs-shared.js:27
[   27798ms] [LOG] [Fast Refresh] done in 96ms @ webpack-internal:///(app-pages-browser)/./node_modules/.pnpm/next@16.2.1_@babel+core@7.2_362c6897e98f78157a7f59905ed20b55/node_modules/next/dist/next-devtools/shared/forward-logs-shared.js:27
[   27999ms] [LOG] [Fast Refresh] rebuilding @ webpack-internal:///(app-pages-browser)/./node_modules/.pnpm/next@16.2.1_@babel+core@7.2_362c6897e98f78157a7f59905ed20b55/node_modules/next/dist/next-devtools/shared/forward-logs-shared.js:27
[   28093ms] [LOG] [Fast Refresh] done in 94ms @ webpack-internal:///(app-pages-browser)/./node_modules/.pnpm/next@16.2.1_@babel+core@7.2_362c6897e98f78157a7f59905ed20b55/node_modules/next/dist/next-devtools/shared/forward-logs-shared.js:27
[   28290ms] [LOG] [Fast Refresh] rebuilding @ webpack-internal:///(app-pages-browser)/./node_modules/.pnpm/next@16.2.1_@babel+core@7.2_362c6897e98f78157a7f59905ed20b55/node_modules/next/dist/next-devtools/shared/forward-logs-shared.js:27
[   28369ms] [LOG] [Fast Refresh] done in 80ms @ webpack-internal:///(app-pages-browser)/./node_modules/.pnpm/next@16.2.1_@babel+core@7.2_362c6897e98f78157a7f59905ed20b55/node_modules/next/dist/next-devtools/shared/forward-logs-shared.js:27
[   28553ms] [LOG] [Fast Refresh] rebuilding @ webpack-internal:///(app-pages-browser)/./node_modules/.pnpm/next@16.2.1_@babel+core@7.2_362c6897e98f78157a7f59905ed20b55/node_modules/next/dist/next-devtools/shared/forward-logs-shared.js:27
[   28662ms] [LOG] [Fast Refresh] done in 108ms @ webpack-internal:///(app-pages-browser)/./node_modules/.pnpm/next@16.2.1_@babel+core@7.2_362c6897e98f78157a7f59905ed20b55/node_modules/next/dist/next-devtools/shared/forward-logs-shared.js:27
[   28849ms] [LOG] [Fast Refresh] rebuilding @ webpack-internal:///(app-pages-browser)/./node_modules/.pnpm/next@16.2.1_@babel+core@7.2_362c6897e98f78157a7f59905ed20b55/node_modules/next/dist/next-devtools/shared/forward-logs-shared.js:27
[   28937ms] [LOG] [Fast Refresh] done in 88ms @ webpack-internal:///(app-pages-browser)/./node_modules/.pnpm/next@16.2.1_@babel+core@7.2_362c6897e98f78157a7f59905ed20b55/node_modules/next/dist/next-devtools/shared/forward-logs-shared.js:27
[   29158ms] [LOG] [Fast Refresh] rebuilding @ webpack-internal:///(app-pages-browser)/./node_modules/.pnpm/next@16.2.1_@babel+core@7.2_362c6897e98f78157a7f59905ed20b55/node_modules/next/dist/next-devtools/shared/forward-logs-shared.js:27
[   29251ms] [LOG] [Fast Refresh] done in 92ms @ webpack-internal:///(app-pages-browser)/./node_modules/.pnpm/next@16.2.1_@babel+core@7.2_362c6897e98f78157a7f59905ed20b55/node_modules/next/dist/next-devtools/shared/forward-logs-shared.js:27
[   29433ms] [LOG] [Fast Refresh] rebuilding @ webpack-internal:///(app-pages-browser)/./node_modules/.pnpm/next@16.2.1_@babel+core@7.2_362c6897e98f78157a7f59905ed20b55/node_modules/next/dist/next-devtools/shared/forward-logs-shared.js:27
[   29515ms] [LOG] [Fast Refresh] done in 83ms @ webpack-internal:///(app-pages-browser)/./node_modules/.pnpm/next@16.2.1_@babel+core@7.2_362c6897e98f78157a7f59905ed20b55/node_modules/next/dist/next-devtools/shared/forward-logs-shared.js:27
[   29740ms] [LOG] [Fast Refresh] rebuilding @ webpack-internal:///(app-pages-browser)/./node_modules/.pnpm/next@16.2.1_@babel+core@7.2_362c6897e98f78157a7f59905ed20b55/node_modules/next/dist/next-devtools/shared/forward-logs-shared.js:27
[   29836ms] [LOG] [Fast Refresh] done in 97ms @ webpack-internal:///(app-pages-browser)/./node_modules/.pnpm/next@16.2.1_@babel+core@7.2_362c6897e98f78157a7f59905ed20b55/node_modules/next/dist/next-devtools/shared/forward-logs-shared.js:27
[   30038ms] [LOG] [Fast Refresh] rebuilding @ webpack-internal:///(app-pages-browser)/./node_modules/.pnpm/next@16.2.1_@babel+core@7.2_362c6897e98f78157a7f59905ed20b55/node_modules/next/dist/next-devtools/shared/forward-logs-shared.js:27
[   30122ms] [LOG] [Fast Refresh] done in 83ms @ webpack-internal:///(app-pages-browser)/./node_modules/.pnpm/next@16.2.1_@babel+core@7.2_362c6897e98f78157a7f59905ed20b55/node_modules/next/dist/next-devtools/shared/forward-logs-shared.js:27
[   31716ms] [INFO] %cDownload the React DevTools for a better development experience: https://react.dev/link/react-devtools font-weight:bold @ webpack-internal:///(app-pages-browser)/./node_modules/.pnpm/next@16.2.1_@babel+core@7.2_362c6897e98f78157a7f59905ed20b55/node_modules/next/dist/next-devtools/shared/forward-logs-shared.js:27
[   31793ms] [LOG] [HMR] connected @ webpack-internal:///(app-pages-browser)/./node_modules/.pnpm/next@16.2.1_@babel+core@7.2_362c6897e98f78157a7f59905ed20b55/node_modules/next/dist/next-devtools/shared/forward-logs-shared.js:27
[   32286ms] [LOG] [Fast Refresh] rebuilding @ webpack-internal:///(app-pages-browser)/./node_modules/.pnpm/next@16.2.1_@babel+core@7.2_362c6897e98f78157a7f59905ed20b55/node_modules/next/dist/next-devtools/shared/forward-logs-shared.js:27
[   32523ms] [LOG] [Fast Refresh] done in 237ms @ webpack-internal:///(app-pages-browser)/./node_modules/.pnpm/next@16.2.1_@babel+core@7.2_362c6897e98f78157a7f59905ed20b55/node_modules/next/dist/next-devtools/shared/forward-logs-shared.js:27
[   32572ms] [LOG] [Fast Refresh] rebuilding @ webpack-internal:///(app-pages-browser)/./node_modules/.pnpm/next@16.2.1_@babel+core@7.2_362c6897e98f78157a7f59905ed20b55/node_modules/next/dist/next-devtools/shared/forward-logs-shared.js:27
[   32654ms] [LOG] [Fast Refresh] done in 83ms @ webpack-internal:///(app-pages-browser)/./node_modules/.pnpm/next@16.2.1_@babel+core@7.2_362c6897e98f78157a7f59905ed20b55/node_modules/next/dist/next-devtools/shared/forward-logs-shared.js:27
[   33977ms] [INFO] %cDownload the React DevTools for a better development experience: https://react.dev/link/react-devtools font-weight:bold @ webpack-internal:///(app-pages-browser)/./node_modules/.pnpm/next@16.2.1_@babel+core@7.2_362c6897e98f78157a7f59905ed20b55/node_modules/next/dist/next-devtools/shared/forward-logs-shared.js:27
[   34077ms] [LOG] [HMR] connected @ webpack-internal:///(app-pages-browser)/./node_modules/.pnpm/next@16.2.1_@babel+core@7.2_362c6897e98f78157a7f59905ed20b55/node_modules/next/dist/next-devtools/shared/forward-logs-shared.js:27
[   34606ms] [LOG] [Fast Refresh] rebuilding @ webpack-internal:///(app-pages-browser)/./node_modules/.pnpm/next@16.2.1_@babel+core@7.2_362c6897e98f78157a7f59905ed20b55/node_modules/next/dist/next-devtools/shared/forward-logs-shared.js:27
[   34907ms] [LOG] [Fast Refresh] done in 300ms @ webpack-internal:///(app-pages-browser)/./node_modules/.pnpm/next@16.2.1_@babel+core@7.2_362c6897e98f78157a7f59905ed20b55/node_modules/next/dist/next-devtools/shared/forward-logs-shared.js:27
[   34952ms] [LOG] [Fast Refresh] rebuilding @ webpack-internal:///(app-pages-browser)/./node_modules/.pnpm/next@16.2.1_@babel+core@7.2_362c6897e98f78157a7f59905ed20b55/node_modules/next/dist/next-devtools/shared/forward-logs-shared.js:27
[   35103ms] [LOG] [Fast Refresh] done in 152ms @ webpack-internal:///(app-pages-browser)/./node_modules/.pnpm/next@16.2.1_@babel+core@7.2_362c6897e98f78157a7f59905ed20b55/node_modules/next/dist/next-devtools/shared/forward-logs-shared.js:27
[   35303ms] [LOG] [Fast Refresh] rebuilding @ webpack-internal:///(app-pages-browser)/./node_modules/.pnpm/next@16.2.1_@babel+core@7.2_362c6897e98f78157a7f59905ed20b55/node_modules/next/dist/next-devtools/shared/forward-logs-shared.js:27
[   35448ms] [LOG] [Fast Refresh] done in 145ms @ webpack-internal:///(app-pages-browser)/./node_modules/.pnpm/next@16.2.1_@babel+core@7.2_362c6897e98f78157a7f59905ed20b55/node_modules/next/dist/next-devtools/shared/forward-logs-shared.js:27
[   35642ms] [LOG] [Fast Refresh] rebuilding @ webpack-internal:///(app-pages-browser)/./node_modules/.pnpm/next@16.2.1_@babel+core@7.2_362c6897e98f78157a7f59905ed20b55/node_modules/next/dist/next-devtools/shared/forward-logs-shared.js:27
[   35783ms] [LOG] [Fast Refresh] done in 140ms @ webpack-internal:///(app-pages-browser)/./node_modules/.pnpm/next@16.2.1_@babel+core@7.2_362c6897e98f78157a7f59905ed20b55/node_modules/next/dist/next-devtools/shared/forward-logs-shared.js:27
[   35971ms] [LOG] [Fast Refresh] rebuilding @ webpack-internal:///(app-pages-browser)/./node_modules/.pnpm/next@16.2.1_@babel+core@7.2_362c6897e98f78157a7f59905ed20b55/node_modules/next/dist/next-devtools/shared/forward-logs-shared.js:27
[   36104ms] [LOG] [Fast Refresh] done in 132ms @ webpack-internal:///(app-pages-browser)/./node_modules/.pnpm/next@16.2.1_@babel+core@7.2_362c6897e98f78157a7f59905ed20b55/node_modules/next/dist/next-devtools/shared/forward-logs-shared.js:27
[   36313ms] [LOG] [Fast Refresh] rebuilding @ webpack-internal:///(app-pages-browser)/./node_modules/.pnpm/next@16.2.1_@babel+core@7.2_362c6897e98f78157a7f59905ed20b55/node_modules/next/dist/next-devtools/shared/forward-logs-shared.js:27
[   36476ms] [LOG] [Fast Refresh] done in 162ms @ webpack-internal:///(app-pages-browser)/./node_modules/.pnpm/next@16.2.1_@babel+core@7.2_362c6897e98f78157a7f59905ed20b55/node_modules/next/dist/next-devtools/shared/forward-logs-shared.js:27
[   36657ms] [LOG] [Fast Refresh] rebuilding @ webpack-internal:///(app-pages-browser)/./node_modules/.pnpm/next@16.2.1_@babel+core@7.2_362c6897e98f78157a7f59905ed20b55/node_modules/next/dist/next-devtools/shared/forward-logs-shared.js:27
[   36792ms] [LOG] [Fast Refresh] done in 135ms @ webpack-internal:///(app-pages-browser)/./node_modules/.pnpm/next@16.2.1_@babel+core@7.2_362c6897e98f78157a7f59905ed20b55/node_modules/next/dist/next-devtools/shared/forward-logs-shared.js:27
[   36989ms] [LOG] [Fast Refresh] rebuilding @ webpack-internal:///(app-pages-browser)/./node_modules/.pnpm/next@16.2.1_@babel+core@7.2_362c6897e98f78157a7f59905ed20b55/node_modules/next/dist/next-devtools/shared/forward-logs-shared.js:27
[   37134ms] [LOG] [Fast Refresh] done in 144ms @ webpack-internal:///(app-pages-browser)/./node_modules/.pnpm/next@16.2.1_@babel+core@7.2_362c6897e98f78157a7f59905ed20b55/node_modules/next/dist/next-devtools/shared/forward-logs-shared.js:27
[   37301ms] [LOG] [Fast Refresh] rebuilding @ webpack-internal:///(app-pages-browser)/./node_modules/.pnpm/next@16.2.1_@babel+core@7.2_362c6897e98f78157a7f59905ed20b55/node_modules/next/dist/next-devtools/shared/forward-logs-shared.js:27
[   37451ms] [LOG] [Fast Refresh] done in 151ms @ webpack-internal:///(app-pages-browser)/./node_modules/.pnpm/next@16.2.1_@babel+core@7.2_362c6897e98f78157a7f59905ed20b55/node_modules/next/dist/next-devtools/shared/forward-logs-shared.js:27
[   37630ms] [LOG] [Fast Refresh] rebuilding @ webpack-internal:///(app-pages-browser)/./node_modules/.pnpm/next@16.2.1_@babel+core@7.2_362c6897e98f78157a7f59905ed20b55/node_modules/next/dist/next-devtools/shared/forward-logs-shared.js:27
[   37752ms] [LOG] [Fast Refresh] done in 122ms @ webpack-internal:///(app-pages-browser)/./node_modules/.pnpm/next@16.2.1_@babel+core@7.2_362c6897e98f78157a7f59905ed20b55/node_modules/next/dist/next-devtools/shared/forward-logs-shared.js:27
[   37939ms] [LOG] [Fast Refresh] rebuilding @ webpack-internal:///(app-pages-browser)/./node_modules/.pnpm/next@16.2.1_@babel+core@7.2_362c6897e98f78157a7f59905ed20b55/node_modules/next/dist/next-devtools/shared/forward-logs-shared.js:27
[   38077ms] [LOG] [Fast Refresh] done in 138ms @ webpack-internal:///(app-pages-browser)/./node_modules/.pnpm/next@16.2.1_@babel+core@7.2_362c6897e98f78157a7f59905ed20b55/node_modules/next/dist/next-devtools/shared/forward-logs-shared.js:27
[   38262ms] [LOG] [Fast Refresh] rebuilding @ webpack-internal:///(app-pages-browser)/./node_modules/.pnpm/next@16.2.1_@babel+core@7.2_362c6897e98f78157a7f59905ed20b55/node_modules/next/dist/next-devtools/shared/forward-logs-shared.js:27
[   38394ms] [LOG] [Fast Refresh] done in 133ms @ webpack-internal:///(app-pages-browser)/./node_modules/.pnpm/next@16.2.1_@babel+core@7.2_362c6897e98f78157a7f59905ed20b55/node_modules/next/dist/next-devtools/shared/forward-logs-shared.js:27
[   38589ms] [LOG] [Fast Refresh] rebuilding @ webpack-internal:///(app-pages-browser)/./node_modules/.pnpm/next@16.2.1_@babel+core@7.2_362c6897e98f78157a7f59905ed20b55/node_modules/next/dist/next-devtools/shared/forward-logs-shared.js:27
[   38702ms] [LOG] [Fast Refresh] done in 113ms @ webpack-internal:///(app-pages-browser)/./node_modules/.pnpm/next@16.2.1_@babel+core@7.2_362c6897e98f78157a7f59905ed20b55/node_modules/next/dist/next-devtools/shared/forward-logs-shared.js:27
[   38893ms] [LOG] [Fast Refresh] rebuilding @ webpack-internal:///(app-pages-browser)/./node_modules/.pnpm/next@16.2.1_@babel+core@7.2_362c6897e98f78157a7f59905ed20b55/node_modules/next/dist/next-devtools/shared/forward-logs-shared.js:27
[   39036ms] [LOG] [Fast Refresh] done in 143ms @ webpack-internal:///(app-pages-browser)/./node_modules/.pnpm/next@16.2.1_@babel+core@7.2_362c6897e98f78157a7f59905ed20b55/node_modules/next/dist/next-devtools/shared/forward-logs-shared.js:27
[   40663ms] [INFO] %cDownload the React DevTools for a better development experience: https://react.dev/link/react-devtools font-weight:bold @ webpack-internal:///(app-pages-browser)/./node_modules/.pnpm/next@16.2.1_@babel+core@7.2_362c6897e98f78157a7f59905ed20b55/node_modules/next/dist/next-devtools/shared/forward-logs-shared.js:27
[   40752ms] [LOG] [HMR] connected @ webpack-internal:///(app-pages-browser)/./node_modules/.pnpm/next@16.2.1_@babel+core@7.2_362c6897e98f78157a7f59905ed20b55/node_modules/next/dist/next-devtools/shared/forward-logs-shared.js:27
[   41441ms] [LOG] [Fast Refresh] rebuilding @ webpack-internal:///(app-pages-browser)/./node_modules/.pnpm/next@16.2.1_@babel+core@7.2_362c6897e98f78157a7f59905ed20b55/node_modules/next/dist/next-devtools/shared/forward-logs-shared.js:27
[   41784ms] [LOG] [Fast Refresh] done in 343ms @ webpack-internal:///(app-pages-browser)/./node_modules/.pnpm/next@16.2.1_@babel+core@7.2_362c6897e98f78157a7f59905ed20b55/node_modules/next/dist/next-devtools/shared/forward-logs-shared.js:27
[   41830ms] [LOG] [Fast Refresh] rebuilding @ webpack-internal:///(app-pages-browser)/./node_modules/.pnpm/next@16.2.1_@babel+core@7.2_362c6897e98f78157a7f59905ed20b55/node_modules/next/dist/next-devtools/shared/forward-logs-shared.js:27
[   41970ms] [LOG] [Fast Refresh] done in 139ms @ webpack-internal:///(app-pages-browser)/./node_modules/.pnpm/next@16.2.1_@babel+core@7.2_362c6897e98f78157a7f59905ed20b55/node_modules/next/dist/next-devtools/shared/forward-logs-shared.js:27
[   42159ms] [LOG] [Fast Refresh] rebuilding @ webpack-internal:///(app-pages-browser)/./node_modules/.pnpm/next@16.2.1_@babel+core@7.2_362c6897e98f78157a7f59905ed20b55/node_modules/next/dist/next-devtools/shared/forward-logs-shared.js:27
[   42298ms] [LOG] [Fast Refresh] done in 140ms @ webpack-internal:///(app-pages-browser)/./node_modules/.pnpm/next@16.2.1_@babel+core@7.2_362c6897e98f78157a7f59905ed20b55/node_modules/next/dist/next-devtools/shared/forward-logs-shared.js:27
[   42485ms] [LOG] [Fast Refresh] rebuilding @ webpack-internal:///(app-pages-browser)/./node_modules/.pnpm/next@16.2.1_@babel+core@7.2_362c6897e98f78157a7f59905ed20b55/node_modules/next/dist/next-devtools/shared/forward-logs-shared.js:27
[   42613ms] [LOG] [Fast Refresh] done in 128ms @ webpack-internal:///(app-pages-browser)/./node_modules/.pnpm/next@16.2.1_@babel+core@7.2_362c6897e98f78157a7f59905ed20b55/node_modules/next/dist/next-devtools/shared/forward-logs-shared.js:27
[   42802ms] [LOG] [Fast Refresh] rebuilding @ webpack-internal:///(app-pages-browser)/./node_modules/.pnpm/next@16.2.1_@babel+core@7.2_362c6897e98f78157a7f59905ed20b55/node_modules/next/dist/next-devtools/shared/forward-logs-shared.js:27
[   42921ms] [LOG] [Fast Refresh] done in 119ms @ webpack-internal:///(app-pages-browser)/./node_modules/.pnpm/next@16.2.1_@babel+core@7.2_362c6897e98f78157a7f59905ed20b55/node_modules/next/dist/next-devtools/shared/forward-logs-shared.js:27
[   43117ms] [LOG] [Fast Refresh] rebuilding @ webpack-internal:///(app-pages-browser)/./node_modules/.pnpm/next@16.2.1_@babel+core@7.2_362c6897e98f78157a7f59905ed20b55/node_modules/next/dist/next-devtools/shared/forward-logs-shared.js:27
[   43251ms] [LOG] [Fast Refresh] done in 134ms @ webpack-internal:///(app-pages-browser)/./node_modules/.pnpm/next@16.2.1_@babel+core@7.2_362c6897e98f78157a7f59905ed20b55/node_modules/next/dist/next-devtools/shared/forward-logs-shared.js:27
[   43527ms] [LOG] [Fast Refresh] rebuilding @ webpack-internal:///(app-pages-browser)/./node_modules/.pnpm/next@16.2.1_@babel+core@7.2_362c6897e98f78157a7f59905ed20b55/node_modules/next/dist/next-devtools/shared/forward-logs-shared.js:27
[   43679ms] [LOG] [Fast Refresh] done in 152ms @ webpack-internal:///(app-pages-browser)/./node_modules/.pnpm/next@16.2.1_@babel+core@7.2_362c6897e98f78157a7f59905ed20b55/node_modules/next/dist/next-devtools/shared/forward-logs-shared.js:27
[   43875ms] [LOG] [Fast Refresh] rebuilding @ webpack-internal:///(app-pages-browser)/./node_modules/.pnpm/next@16.2.1_@babel+core@7.2_362c6897e98f78157a7f59905ed20b55/node_modules/next/dist/next-devtools/shared/forward-logs-shared.js:27
[   43997ms] [LOG] [Fast Refresh] done in 122ms @ webpack-internal:///(app-pages-browser)/./node_modules/.pnpm/next@16.2.1_@babel+core@7.2_362c6897e98f78157a7f59905ed20b55/node_modules/next/dist/next-devtools/shared/forward-logs-shared.js:27
[   44176ms] [LOG] [Fast Refresh] rebuilding @ webpack-internal:///(app-pages-browser)/./node_modules/.pnpm/next@16.2.1_@babel+core@7.2_362c6897e98f78157a7f59905ed20b55/node_modules/next/dist/next-devtools/shared/forward-logs-shared.js:27
[   44309ms] [LOG] [Fast Refresh] done in 134ms @ webpack-internal:///(app-pages-browser)/./node_modules/.pnpm/next@16.2.1_@babel+core@7.2_362c6897e98f78157a7f59905ed20b55/node_modules/next/dist/next-devtools/shared/forward-logs-shared.js:27
[   44484ms] [LOG] [Fast Refresh] rebuilding @ webpack-internal:///(app-pages-browser)/./node_modules/.pnpm/next@16.2.1_@babel+core@7.2_362c6897e98f78157a7f59905ed20b55/node_modules/next/dist/next-devtools/shared/forward-logs-shared.js:27
[   44624ms] [LOG] [Fast Refresh] done in 141ms @ webpack-internal:///(app-pages-browser)/./node_modules/.pnpm/next@16.2.1_@babel+core@7.2_362c6897e98f78157a7f59905ed20b55/node_modules/next/dist/next-devtools/shared/forward-logs-shared.js:27
[   44818ms] [LOG] [Fast Refresh] rebuilding @ webpack-internal:///(app-pages-browser)/./node_modules/.pnpm/next@16.2.1_@babel+core@7.2_362c6897e98f78157a7f59905ed20b55/node_modules/next/dist/next-devtools/shared/forward-logs-shared.js:27
[   44938ms] [LOG] [Fast Refresh] done in 121ms @ webpack-internal:///(app-pages-browser)/./node_modules/.pnpm/next@16.2.1_@babel+core@7.2_362c6897e98f78157a7f59905ed20b55/node_modules/next/dist/next-devtools/shared/forward-logs-shared.js:27
[   45146ms] [LOG] [Fast Refresh] rebuilding @ webpack-internal:///(app-pages-browser)/./node_modules/.pnpm/next@16.2.1_@babel+core@7.2_362c6897e98f78157a7f59905ed20b55/node_modules/next/dist/next-devtools/shared/forward-logs-shared.js:27
[   45267ms] [LOG] [Fast Refresh] done in 121ms @ webpack-internal:///(app-pages-browser)/./node_modules/.pnpm/next@16.2.1_@babel+core@7.2_362c6897e98f78157a7f59905ed20b55/node_modules/next/dist/next-devtools/shared/forward-logs-shared.js:27
[   45465ms] [LOG] [Fast Refresh] rebuilding @ webpack-internal:///(app-pages-browser)/./node_modules/.pnpm/next@16.2.1_@babel+core@7.2_362c6897e98f78157a7f59905ed20b55/node_modules/next/dist/next-devtools/shared/forward-logs-shared.js:27
[   45589ms] [LOG] [Fast Refresh] done in 125ms @ webpack-internal:///(app-pages-browser)/./node_modules/.pnpm/next@16.2.1_@babel+core@7.2_362c6897e98f78157a7f59905ed20b55/node_modules/next/dist/next-devtools/shared/forward-logs-shared.js:27
[   47201ms] [INFO] %cDownload the React DevTools for a better development experience: https://react.dev/link/react-devtools font-weight:bold @ webpack-internal:///(app-pages-browser)/./node_modules/.pnpm/next@16.2.1_@babel+core@7.2_362c6897e98f78157a7f59905ed20b55/node_modules/next/dist/next-devtools/shared/forward-logs-shared.js:27
[   47301ms] [LOG] [HMR] connected @ webpack-internal:///(app-pages-browser)/./node_modules/.pnpm/next@16.2.1_@babel+core@7.2_362c6897e98f78157a7f59905ed20b55/node_modules/next/dist/next-devtools/shared/forward-logs-shared.js:27
[   48203ms] [LOG] [Fast Refresh] rebuilding @ webpack-internal:///(app-pages-browser)/./node_modules/.pnpm/next@16.2.1_@babel+core@7.2_362c6897e98f78157a7f59905ed20b55/node_modules/next/dist/next-devtools/shared/forward-logs-shared.js:27
[   48628ms] [LOG] [Fast Refresh] done in 425ms @ webpack-internal:///(app-pages-browser)/./node_modules/.pnpm/next@16.2.1_@babel+core@7.2_362c6897e98f78157a7f59905ed20b55/node_modules/next/dist/next-devtools/shared/forward-logs-shared.js:27
[   48675ms] [LOG] [Fast Refresh] rebuilding @ webpack-internal:///(app-pages-browser)/./node_modules/.pnpm/next@16.2.1_@babel+core@7.2_362c6897e98f78157a7f59905ed20b55/node_modules/next/dist/next-devtools/shared/forward-logs-shared.js:27
[   48851ms] [LOG] [Fast Refresh] done in 175ms @ webpack-internal:///(app-pages-browser)/./node_modules/.pnpm/next@16.2.1_@babel+core@7.2_362c6897e98f78157a7f59905ed20b55/node_modules/next/dist/next-devtools/shared/forward-logs-shared.js:27
[   49092ms] [LOG] [Fast Refresh] rebuilding @ webpack-internal:///(app-pages-browser)/./node_modules/.pnpm/next@16.2.1_@babel+core@7.2_362c6897e98f78157a7f59905ed20b55/node_modules/next/dist/next-devtools/shared/forward-logs-shared.js:27
[   49261ms] [LOG] [Fast Refresh] done in 168ms @ webpack-internal:///(app-pages-browser)/./node_modules/.pnpm/next@16.2.1_@babel+core@7.2_362c6897e98f78157a7f59905ed20b55/node_modules/next/dist/next-devtools/shared/forward-logs-shared.js:27
[   49503ms] [LOG] [Fast Refresh] rebuilding @ webpack-internal:///(app-pages-browser)/./node_modules/.pnpm/next@16.2.1_@babel+core@7.2_362c6897e98f78157a7f59905ed20b55/node_modules/next/dist/next-devtools/shared/forward-logs-shared.js:27
[   49667ms] [LOG] [Fast Refresh] done in 164ms @ webpack-internal:///(app-pages-browser)/./node_modules/.pnpm/next@16.2.1_@babel+core@7.2_362c6897e98f78157a7f59905ed20b55/node_modules/next/dist/next-devtools/shared/forward-logs-shared.js:27
[   49909ms] [LOG] [Fast Refresh] rebuilding @ webpack-internal:///(app-pages-browser)/./node_modules/.pnpm/next@16.2.1_@babel+core@7.2_362c6897e98f78157a7f59905ed20b55/node_modules/next/dist/next-devtools/shared/forward-logs-shared.js:27
[   50063ms] [LOG] [Fast Refresh] done in 154ms @ webpack-internal:///(app-pages-browser)/./node_modules/.pnpm/next@16.2.1_@babel+core@7.2_362c6897e98f78157a7f59905ed20b55/node_modules/next/dist/next-devtools/shared/forward-logs-shared.js:27
[   50291ms] [LOG] [Fast Refresh] rebuilding @ webpack-internal:///(app-pages-browser)/./node_modules/.pnpm/next@16.2.1_@babel+core@7.2_362c6897e98f78157a7f59905ed20b55/node_modules/next/dist/next-devtools/shared/forward-logs-shared.js:27
[   50460ms] [LOG] [Fast Refresh] done in 170ms @ webpack-internal:///(app-pages-browser)/./node_modules/.pnpm/next@16.2.1_@babel+core@7.2_362c6897e98f78157a7f59905ed20b55/node_modules/next/dist/next-devtools/shared/forward-logs-shared.js:27
[   50682ms] [LOG] [Fast Refresh] rebuilding @ webpack-internal:///(app-pages-browser)/./node_modules/.pnpm/next@16.2.1_@babel+core@7.2_362c6897e98f78157a7f59905ed20b55/node_modules/next/dist/next-devtools/shared/forward-logs-shared.js:27
[   50843ms] [LOG] [Fast Refresh] done in 161ms @ webpack-internal:///(app-pages-browser)/./node_modules/.pnpm/next@16.2.1_@babel+core@7.2_362c6897e98f78157a7f59905ed20b55/node_modules/next/dist/next-devtools/shared/forward-logs-shared.js:27
[   51064ms] [LOG] [Fast Refresh] rebuilding @ webpack-internal:///(app-pages-browser)/./node_modules/.pnpm/next@16.2.1_@babel+core@7.2_362c6897e98f78157a7f59905ed20b55/node_modules/next/dist/next-devtools/shared/forward-logs-shared.js:27
[   51208ms] [LOG] [Fast Refresh] done in 145ms @ webpack-internal:///(app-pages-browser)/./node_modules/.pnpm/next@16.2.1_@babel+core@7.2_362c6897e98f78157a7f59905ed20b55/node_modules/next/dist/next-devtools/shared/forward-logs-shared.js:27
[   51416ms] [LOG] [Fast Refresh] rebuilding @ webpack-internal:///(app-pages-browser)/./node_modules/.pnpm/next@16.2.1_@babel+core@7.2_362c6897e98f78157a7f59905ed20b55/node_modules/next/dist/next-devtools/shared/forward-logs-shared.js:27
[   51549ms] [LOG] [Fast Refresh] done in 133ms @ webpack-internal:///(app-pages-browser)/./node_modules/.pnpm/next@16.2.1_@babel+core@7.2_362c6897e98f78157a7f59905ed20b55/node_modules/next/dist/next-devtools/shared/forward-logs-shared.js:27
[   51792ms] [LOG] [Fast Refresh] rebuilding @ webpack-internal:///(app-pages-browser)/./node_modules/.pnpm/next@16.2.1_@babel+core@7.2_362c6897e98f78157a7f59905ed20b55/node_modules/next/dist/next-devtools/shared/forward-logs-shared.js:27
[   51916ms] [LOG] [Fast Refresh] done in 123ms @ webpack-internal:///(app-pages-browser)/./node_modules/.pnpm/next@16.2.1_@babel+core@7.2_362c6897e98f78157a7f59905ed20b55/node_modules/next/dist/next-devtools/shared/forward-logs-shared.js:27
[   52142ms] [LOG] [Fast Refresh] rebuilding @ webpack-internal:///(app-pages-browser)/./node_modules/.pnpm/next@16.2.1_@babel+core@7.2_362c6897e98f78157a7f59905ed20b55/node_modules/next/dist/next-devtools/shared/forward-logs-shared.js:27
[   52269ms] [LOG] [Fast Refresh] done in 127ms @ webpack-internal:///(app-pages-browser)/./node_modules/.pnpm/next@16.2.1_@babel+core@7.2_362c6897e98f78157a7f59905ed20b55/node_modules/next/dist/next-devtools/shared/forward-logs-shared.js:27
[   52448ms] [LOG] [Fast Refresh] rebuilding @ webpack-internal:///(app-pages-browser)/./node_modules/.pnpm/next@16.2.1_@babel+core@7.2_362c6897e98f78157a7f59905ed20b55/node_modules/next/dist/next-devtools/shared/forward-logs-shared.js:27
[   52569ms] [LOG] [Fast Refresh] done in 120ms @ webpack-internal:///(app-pages-browser)/./node_modules/.pnpm/next@16.2.1_@babel+core@7.2_362c6897e98f78157a7f59905ed20b55/node_modules/next/dist/next-devtools/shared/forward-logs-shared.js:27
[   52782ms] [LOG] [Fast Refresh] rebuilding @ webpack-internal:///(app-pages-browser)/./node_modules/.pnpm/next@16.2.1_@babel+core@7.2_362c6897e98f78157a7f59905ed20b55/node_modules/next/dist/next-devtools/shared/forward-logs-shared.js:27
[   52924ms] [LOG] [Fast Refresh] done in 142ms @ webpack-internal:///(app-pages-browser)/./node_modules/.pnpm/next@16.2.1_@babel+core@7.2_362c6897e98f78157a7f59905ed20b55/node_modules/next/dist/next-devtools/shared/forward-logs-shared.js:27
[   53143ms] [LOG] [Fast Refresh] rebuilding @ webpack-internal:///(app-pages-browser)/./node_modules/.pnpm/next@16.2.1_@babel+core@7.2_362c6897e98f78157a7f59905ed20b55/node_modules/next/dist/next-devtools/shared/forward-logs-shared.js:27
[   55044ms] [INFO] %cDownload the React DevTools for a better development experience: https://react.dev/link/react-devtools font-weight:bold @ webpack-internal:///(app-pages-browser)/./node_modules/.pnpm/next@16.2.1_@babel+core@7.2_362c6897e98f78157a7f59905ed20b55/node_modules/next/dist/next-devtools/shared/forward-logs-shared.js:27
[   55122ms] [LOG] [HMR] connected @ webpack-internal:///(app-pages-browser)/./node_modules/.pnpm/next@16.2.1_@babel+core@7.2_362c6897e98f78157a7f59905ed20b55/node_modules/next/dist/next-devtools/shared/forward-logs-shared.js:27
[   56013ms] [LOG] [Fast Refresh] rebuilding @ webpack-internal:///(app-pages-browser)/./node_modules/.pnpm/next@16.2.1_@babel+core@7.2_362c6897e98f78157a7f59905ed20b55/node_modules/next/dist/next-devtools/shared/forward-logs-shared.js:27
[   56415ms] [LOG] [Fast Refresh] done in 402ms @ webpack-internal:///(app-pages-browser)/./node_modules/.pnpm/next@16.2.1_@babel+core@7.2_362c6897e98f78157a7f59905ed20b55/node_modules/next/dist/next-devtools/shared/forward-logs-shared.js:27
[   56483ms] [LOG] [Fast Refresh] rebuilding @ webpack-internal:///(app-pages-browser)/./node_modules/.pnpm/next@16.2.1_@babel+core@7.2_362c6897e98f78157a7f59905ed20b55/node_modules/next/dist/next-devtools/shared/forward-logs-shared.js:27
[   56631ms] [LOG] [Fast Refresh] done in 149ms @ webpack-internal:///(app-pages-browser)/./node_modules/.pnpm/next@16.2.1_@babel+core@7.2_362c6897e98f78157a7f59905ed20b55/node_modules/next/dist/next-devtools/shared/forward-logs-shared.js:27
[   56865ms] [LOG] [Fast Refresh] rebuilding @ webpack-internal:///(app-pages-browser)/./node_modules/.pnpm/next@16.2.1_@babel+core@7.2_362c6897e98f78157a7f59905ed20b55/node_modules/next/dist/next-devtools/shared/forward-logs-shared.js:27
[   57016ms] [LOG] [Fast Refresh] done in 150ms @ webpack-internal:///(app-pages-browser)/./node_modules/.pnpm/next@16.2.1_@babel+core@7.2_362c6897e98f78157a7f59905ed20b55/node_modules/next/dist/next-devtools/shared/forward-logs-shared.js:27
[   57248ms] [LOG] [Fast Refresh] rebuilding @ webpack-internal:///(app-pages-browser)/./node_modules/.pnpm/next@16.2.1_@babel+core@7.2_362c6897e98f78157a7f59905ed20b55/node_modules/next/dist/next-devtools/shared/forward-logs-shared.js:27
[   57385ms] [LOG] [Fast Refresh] done in 136ms @ webpack-internal:///(app-pages-browser)/./node_modules/.pnpm/next@16.2.1_@babel+core@7.2_362c6897e98f78157a7f59905ed20b55/node_modules/next/dist/next-devtools/shared/forward-logs-shared.js:27
[   57606ms] [LOG] [Fast Refresh] rebuilding @ webpack-internal:///(app-pages-browser)/./node_modules/.pnpm/next@16.2.1_@babel+core@7.2_362c6897e98f78157a7f59905ed20b55/node_modules/next/dist/next-devtools/shared/forward-logs-shared.js:27
[   57736ms] [LOG] [Fast Refresh] done in 129ms @ webpack-internal:///(app-pages-browser)/./node_modules/.pnpm/next@16.2.1_@babel+core@7.2_362c6897e98f78157a7f59905ed20b55/node_modules/next/dist/next-devtools/shared/forward-logs-shared.js:27
[   57929ms] [LOG] [Fast Refresh] rebuilding @ webpack-internal:///(app-pages-browser)/./node_modules/.pnpm/next@16.2.1_@babel+core@7.2_362c6897e98f78157a7f59905ed20b55/node_modules/next/dist/next-devtools/shared/forward-logs-shared.js:27
[   58093ms] [LOG] [Fast Refresh] done in 164ms @ webpack-internal:///(app-pages-browser)/./node_modules/.pnpm/next@16.2.1_@babel+core@7.2_362c6897e98f78157a7f59905ed20b55/node_modules/next/dist/next-devtools/shared/forward-logs-shared.js:27
[   58275ms] [LOG] [Fast Refresh] rebuilding @ webpack-internal:///(app-pages-browser)/./node_modules/.pnpm/next@16.2.1_@babel+core@7.2_362c6897e98f78157a7f59905ed20b55/node_modules/next/dist/next-devtools/shared/forward-logs-shared.js:27
[   58409ms] [LOG] [Fast Refresh] done in 135ms @ webpack-internal:///(app-pages-browser)/./node_modules/.pnpm/next@16.2.1_@babel+core@7.2_362c6897e98f78157a7f59905ed20b55/node_modules/next/dist/next-devtools/shared/forward-logs-shared.js:27
[   58613ms] [LOG] [Fast Refresh] rebuilding @ webpack-internal:///(app-pages-browser)/./node_modules/.pnpm/next@16.2.1_@babel+core@7.2_362c6897e98f78157a7f59905ed20b55/node_modules/next/dist/next-devtools/shared/forward-logs-shared.js:27
[   58766ms] [LOG] [Fast Refresh] done in 154ms @ webpack-internal:///(app-pages-browser)/./node_modules/.pnpm/next@16.2.1_@babel+core@7.2_362c6897e98f78157a7f59905ed20b55/node_modules/next/dist/next-devtools/shared/forward-logs-shared.js:27
[   58955ms] [LOG] [Fast Refresh] rebuilding @ webpack-internal:///(app-pages-browser)/./node_modules/.pnpm/next@16.2.1_@babel+core@7.2_362c6897e98f78157a7f59905ed20b55/node_modules/next/dist/next-devtools/shared/forward-logs-shared.js:27
[   59076ms] [LOG] [Fast Refresh] done in 121ms @ webpack-internal:///(app-pages-browser)/./node_modules/.pnpm/next@16.2.1_@babel+core@7.2_362c6897e98f78157a7f59905ed20b55/node_modules/next/dist/next-devtools/shared/forward-logs-shared.js:27
[   59279ms] [LOG] [Fast Refresh] rebuilding @ webpack-internal:///(app-pages-browser)/./node_modules/.pnpm/next@16.2.1_@babel+core@7.2_362c6897e98f78157a7f59905ed20b55/node_modules/next/dist/next-devtools/shared/forward-logs-shared.js:27
[   59408ms] [LOG] [Fast Refresh] done in 130ms @ webpack-internal:///(app-pages-browser)/./node_modules/.pnpm/next@16.2.1_@babel+core@7.2_362c6897e98f78157a7f59905ed20b55/node_modules/next/dist/next-devtools/shared/forward-logs-shared.js:27
[   59607ms] [LOG] [Fast Refresh] rebuilding @ webpack-internal:///(app-pages-browser)/./node_modules/.pnpm/next@16.2.1_@babel+core@7.2_362c6897e98f78157a7f59905ed20b55/node_modules/next/dist/next-devtools/shared/forward-logs-shared.js:27
[   59724ms] [LOG] [Fast Refresh] done in 117ms @ webpack-internal:///(app-pages-browser)/./node_modules/.pnpm/next@16.2.1_@babel+core@7.2_362c6897e98f78157a7f59905ed20b55/node_modules/next/dist/next-devtools/shared/forward-logs-shared.js:27
[   59912ms] [LOG] [Fast Refresh] rebuilding @ webpack-internal:///(app-pages-browser)/./node_modules/.pnpm/next@16.2.1_@babel+core@7.2_362c6897e98f78157a7f59905ed20b55/node_modules/next/dist/next-devtools/shared/forward-logs-shared.js:27
[   60038ms] [LOG] [Fast Refresh] done in 126ms @ webpack-internal:///(app-pages-browser)/./node_modules/.pnpm/next@16.2.1_@babel+core@7.2_362c6897e98f78157a7f59905ed20b55/node_modules/next/dist/next-devtools/shared/forward-logs-shared.js:27
[   60265ms] [LOG] [Fast Refresh] rebuilding @ webpack-internal:///(app-pages-browser)/./node_modules/.pnpm/next@16.2.1_@babel+core@7.2_362c6897e98f78157a7f59905ed20b55/node_modules/next/dist/next-devtools/shared/forward-logs-shared.js:27
[   60445ms] [LOG] [Fast Refresh] done in 181ms @ webpack-internal:///(app-pages-browser)/./node_modules/.pnpm/next@16.2.1_@babel+core@7.2_362c6897e98f78157a7f59905ed20b55/node_modules/next/dist/next-devtools/shared/forward-logs-shared.js:27
[   62704ms] [INFO] %cDownload the React DevTools for a better development experience: https://react.dev/link/react-devtools font-weight:bold @ webpack-internal:///(app-pages-browser)/./node_modules/.pnpm/next@16.2.1_@babel+core@7.2_362c6897e98f78157a7f59905ed20b55/node_modules/next/dist/next-devtools/shared/forward-logs-shared.js:27
[   62818ms] [LOG] [HMR] connected @ webpack-internal:///(app-pages-browser)/./node_modules/.pnpm/next@16.2.1_@babel+core@7.2_362c6897e98f78157a7f59905ed20b55/node_modules/next/dist/next-devtools/shared/forward-logs-shared.js:27
[   64063ms] [LOG] [Fast Refresh] rebuilding @ webpack-internal:///(app-pages-browser)/./node_modules/.pnpm/next@16.2.1_@babel+core@7.2_362c6897e98f78157a7f59905ed20b55/node_modules/next/dist/next-devtools/shared/forward-logs-shared.js:27
[   64529ms] [LOG] [Fast Refresh] done in 466ms @ webpack-internal:///(app-pages-browser)/./node_modules/.pnpm/next@16.2.1_@babel+core@7.2_362c6897e98f78157a7f59905ed20b55/node_modules/next/dist/next-devtools/shared/forward-logs-shared.js:27
[   64593ms] [LOG] [Fast Refresh] rebuilding @ webpack-internal:///(app-pages-browser)/./node_modules/.pnpm/next@16.2.1_@babel+core@7.2_362c6897e98f78157a7f59905ed20b55/node_modules/next/dist/next-devtools/shared/forward-logs-shared.js:27
[   64762ms] [LOG] [Fast Refresh] done in 168ms @ webpack-internal:///(app-pages-browser)/./node_modules/.pnpm/next@16.2.1_@babel+core@7.2_362c6897e98f78157a7f59905ed20b55/node_modules/next/dist/next-devtools/shared/forward-logs-shared.js:27
[   65012ms] [LOG] [Fast Refresh] rebuilding @ webpack-internal:///(app-pages-browser)/./node_modules/.pnpm/next@16.2.1_@babel+core@7.2_362c6897e98f78157a7f59905ed20b55/node_modules/next/dist/next-devtools/shared/forward-logs-shared.js:27
[   65176ms] [LOG] [Fast Refresh] done in 163ms @ webpack-internal:///(app-pages-browser)/./node_modules/.pnpm/next@16.2.1_@babel+core@7.2_362c6897e98f78157a7f59905ed20b55/node_modules/next/dist/next-devtools/shared/forward-logs-shared.js:27
[   65418ms] [LOG] [Fast Refresh] rebuilding @ webpack-internal:///(app-pages-browser)/./node_modules/.pnpm/next@16.2.1_@babel+core@7.2_362c6897e98f78157a7f59905ed20b55/node_modules/next/dist/next-devtools/shared/forward-logs-shared.js:27
[   65576ms] [LOG] [Fast Refresh] done in 157ms @ webpack-internal:///(app-pages-browser)/./node_modules/.pnpm/next@16.2.1_@babel+core@7.2_362c6897e98f78157a7f59905ed20b55/node_modules/next/dist/next-devtools/shared/forward-logs-shared.js:27
[   65810ms] [LOG] [Fast Refresh] rebuilding @ webpack-internal:///(app-pages-browser)/./node_modules/.pnpm/next@16.2.1_@babel+core@7.2_362c6897e98f78157a7f59905ed20b55/node_modules/next/dist/next-devtools/shared/forward-logs-shared.js:27
[   65955ms] [LOG] [Fast Refresh] done in 145ms @ webpack-internal:///(app-pages-browser)/./node_modules/.pnpm/next@16.2.1_@babel+core@7.2_362c6897e98f78157a7f59905ed20b55/node_modules/next/dist/next-devtools/shared/forward-logs-shared.js:27
[   66203ms] [LOG] [Fast Refresh] rebuilding @ webpack-internal:///(app-pages-browser)/./node_modules/.pnpm/next@16.2.1_@babel+core@7.2_362c6897e98f78157a7f59905ed20b55/node_modules/next/dist/next-devtools/shared/forward-logs-shared.js:27
[   66379ms] [LOG] [Fast Refresh] done in 176ms @ webpack-internal:///(app-pages-browser)/./node_modules/.pnpm/next@16.2.1_@babel+core@7.2_362c6897e98f78157a7f59905ed20b55/node_modules/next/dist/next-devtools/shared/forward-logs-shared.js:27
[   66611ms] [LOG] [Fast Refresh] rebuilding @ webpack-internal:///(app-pages-browser)/./node_modules/.pnpm/next@16.2.1_@babel+core@7.2_362c6897e98f78157a7f59905ed20b55/node_modules/next/dist/next-devtools/shared/forward-logs-shared.js:27
[   66758ms] [LOG] [Fast Refresh] done in 146ms @ webpack-internal:///(app-pages-browser)/./node_modules/.pnpm/next@16.2.1_@babel+core@7.2_362c6897e98f78157a7f59905ed20b55/node_modules/next/dist/next-devtools/shared/forward-logs-shared.js:27
[   67010ms] [LOG] [Fast Refresh] rebuilding @ webpack-internal:///(app-pages-browser)/./node_modules/.pnpm/next@16.2.1_@babel+core@7.2_362c6897e98f78157a7f59905ed20b55/node_modules/next/dist/next-devtools/shared/forward-logs-shared.js:27
[   67256ms] [LOG] [Fast Refresh] done in 246ms @ webpack-internal:///(app-pages-browser)/./node_modules/.pnpm/next@16.2.1_@babel+core@7.2_362c6897e98f78157a7f59905ed20b55/node_modules/next/dist/next-devtools/shared/forward-logs-shared.js:27
[   67481ms] [LOG] [Fast Refresh] rebuilding @ webpack-internal:///(app-pages-browser)/./node_modules/.pnpm/next@16.2.1_@babel+core@7.2_362c6897e98f78157a7f59905ed20b55/node_modules/next/dist/next-devtools/shared/forward-logs-shared.js:27
[   67645ms] [LOG] [Fast Refresh] done in 165ms @ webpack-internal:///(app-pages-browser)/./node_modules/.pnpm/next@16.2.1_@babel+core@7.2_362c6897e98f78157a7f59905ed20b55/node_modules/next/dist/next-devtools/shared/forward-logs-shared.js:27
[   67841ms] [LOG] [Fast Refresh] rebuilding @ webpack-internal:///(app-pages-browser)/./node_modules/.pnpm/next@16.2.1_@babel+core@7.2_362c6897e98f78157a7f59905ed20b55/node_modules/next/dist/next-devtools/shared/forward-logs-shared.js:27
[   68004ms] [LOG] [Fast Refresh] done in 163ms @ webpack-internal:///(app-pages-browser)/./node_modules/.pnpm/next@16.2.1_@babel+core@7.2_362c6897e98f78157a7f59905ed20b55/node_modules/next/dist/next-devtools/shared/forward-logs-shared.js:27
[   68360ms] [LOG] [Fast Refresh] rebuilding @ webpack-internal:///(app-pages-browser)/./node_modules/.pnpm/next@16.2.1_@babel+core@7.2_362c6897e98f78157a7f59905ed20b55/node_modules/next/dist/next-devtools/shared/forward-logs-shared.js:27
[   68502ms] [LOG] [Fast Refresh] done in 141ms @ webpack-internal:///(app-pages-browser)/./node_modules/.pnpm/next@16.2.1_@babel+core@7.2_362c6897e98f78157a7f59905ed20b55/node_modules/next/dist/next-devtools/shared/forward-logs-shared.js:27
[   68714ms] [LOG] [Fast Refresh] rebuilding @ webpack-internal:///(app-pages-browser)/./node_modules/.pnpm/next@16.2.1_@babel+core@7.2_362c6897e98f78157a7f59905ed20b55/node_modules/next/dist/next-devtools/shared/forward-logs-shared.js:27
[   68848ms] [LOG] [Fast Refresh] done in 134ms @ webpack-internal:///(app-pages-browser)/./node_modules/.pnpm/next@16.2.1_@babel+core@7.2_362c6897e98f78157a7f59905ed20b55/node_modules/next/dist/next-devtools/shared/forward-logs-shared.js:27
[   69049ms] [LOG] [Fast Refresh] rebuilding @ webpack-internal:///(app-pages-browser)/./node_modules/.pnpm/next@16.2.1_@babel+core@7.2_362c6897e98f78157a7f59905ed20b55/node_modules/next/dist/next-devtools/shared/forward-logs-shared.js:27
[   69184ms] [LOG] [Fast Refresh] done in 135ms @ webpack-internal:///(app-pages-browser)/./node_modules/.pnpm/next@16.2.1_@babel+core@7.2_362c6897e98f78157a7f59905ed20b55/node_modules/next/dist/next-devtools/shared/forward-logs-shared.js:27
[   69598ms] Invalid or unexpected token
[   71334ms] [INFO] %cDownload the React DevTools for a better development experience: https://react.dev/link/react-devtools font-weight:bold @ webpack-internal:///(app-pages-browser)/./node_modules/.pnpm/next@16.2.1_@babel+core@7.2_362c6897e98f78157a7f59905ed20b55/node_modules/next/dist/next-devtools/shared/forward-logs-shared.js:27
[   71458ms] [LOG] [HMR] connected @ webpack-internal:///(app-pages-browser)/./node_modules/.pnpm/next@16.2.1_@babel+core@7.2_362c6897e98f78157a7f59905ed20b55/node_modules/next/dist/next-devtools/shared/forward-logs-shared.js:27
[   73330ms] [ERROR] Can't perform a React state update on a component that hasn't mounted yet. This indicates that you have a side-effect in your render function that asynchronously tries to update the component. Move this work to useEffect instead. @ webpack-internal:///(app-pages-browser)/./node_modules/.pnpm/next@16.2.1_@babel+core@7.2_362c6897e98f78157a7f59905ed20b55/node_modules/next/dist/next-devtools/userspace/app/errors/intercept-console-error.js:57
[   73347ms] [LOG] [Fast Refresh] rebuilding @ webpack-internal:///(app-pages-browser)/./node_modules/.pnpm/next@16.2.1_@babel+core@7.2_362c6897e98f78157a7f59905ed20b55/node_modules/next/dist/next-devtools/shared/forward-logs-shared.js:27
[   73979ms] [LOG] [Fast Refresh] done in 632ms @ webpack-internal:///(app-pages-browser)/./node_modules/.pnpm/next@16.2.1_@babel+core@7.2_362c6897e98f78157a7f59905ed20b55/node_modules/next/dist/next-devtools/shared/forward-logs-shared.js:27
[   73990ms] [LOG] [Fast Refresh] rebuilding @ webpack-internal:///(app-pages-browser)/./node_modules/.pnpm/next@16.2.1_@babel+core@7.2_362c6897e98f78157a7f59905ed20b55/node_modules/next/dist/next-devtools/shared/forward-logs-shared.js:27
[   74306ms] [LOG] [Fast Refresh] done in 317ms @ webpack-internal:///(app-pages-browser)/./node_modules/.pnpm/next@16.2.1_@babel+core@7.2_362c6897e98f78157a7f59905ed20b55/node_modules/next/dist/next-devtools/shared/forward-logs-shared.js:27
[   74469ms] [LOG] [Fast Refresh] rebuilding @ webpack-internal:///(app-pages-browser)/./node_modules/.pnpm/next@16.2.1_@babel+core@7.2_362c6897e98f78157a7f59905ed20b55/node_modules/next/dist/next-devtools/shared/forward-logs-shared.js:27
[   74645ms] [LOG] [Fast Refresh] done in 176ms @ webpack-internal:///(app-pages-browser)/./node_modules/.pnpm/next@16.2.1_@babel+core@7.2_362c6897e98f78157a7f59905ed20b55/node_modules/next/dist/next-devtools/shared/forward-logs-shared.js:27
[   74921ms] [LOG] [Fast Refresh] rebuilding @ webpack-internal:///(app-pages-browser)/./node_modules/.pnpm/next@16.2.1_@babel+core@7.2_362c6897e98f78157a7f59905ed20b55/node_modules/next/dist/next-devtools/shared/forward-logs-shared.js:27
[   75143ms] [LOG] [Fast Refresh] done in 221ms @ webpack-internal:///(app-pages-browser)/./node_modules/.pnpm/next@16.2.1_@babel+core@7.2_362c6897e98f78157a7f59905ed20b55/node_modules/next/dist/next-devtools/shared/forward-logs-shared.js:27
[   75614ms] [LOG] [Fast Refresh] rebuilding @ webpack-internal:///(app-pages-browser)/./node_modules/.pnpm/next@16.2.1_@babel+core@7.2_362c6897e98f78157a7f59905ed20b55/node_modules/next/dist/next-devtools/shared/forward-logs-shared.js:27
[   75814ms] [LOG] [Fast Refresh] done in 201ms @ webpack-internal:///(app-pages-browser)/./node_modules/.pnpm/next@16.2.1_@babel+core@7.2_362c6897e98f78157a7f59905ed20b55/node_modules/next/dist/next-devtools/shared/forward-logs-shared.js:27
[   76080ms] [LOG] [Fast Refresh] rebuilding @ webpack-internal:///(app-pages-browser)/./node_modules/.pnpm/next@16.2.1_@babel+core@7.2_362c6897e98f78157a7f59905ed20b55/node_modules/next/dist/next-devtools/shared/forward-logs-shared.js:27
[   76410ms] [LOG] [Fast Refresh] done in 330ms @ webpack-internal:///(app-pages-browser)/./node_modules/.pnpm/next@16.2.1_@babel+core@7.2_362c6897e98f78157a7f59905ed20b55/node_modules/next/dist/next-devtools/shared/forward-logs-shared.js:27
[   76703ms] [LOG] [Fast Refresh] rebuilding @ webpack-internal:///(app-pages-browser)/./node_modules/.pnpm/next@16.2.1_@babel+core@7.2_362c6897e98f78157a7f59905ed20b55/node_modules/next/dist/next-devtools/shared/forward-logs-shared.js:27
[   76894ms] [LOG] [Fast Refresh] done in 191ms @ webpack-internal:///(app-pages-browser)/./node_modules/.pnpm/next@16.2.1_@babel+core@7.2_362c6897e98f78157a7f59905ed20b55/node_modules/next/dist/next-devtools/shared/forward-logs-shared.js:27
[   77174ms] [LOG] [Fast Refresh] rebuilding @ webpack-internal:///(app-pages-browser)/./node_modules/.pnpm/next@16.2.1_@babel+core@7.2_362c6897e98f78157a7f59905ed20b55/node_modules/next/dist/next-devtools/shared/forward-logs-shared.js:27
[   77377ms] [LOG] [Fast Refresh] done in 203ms @ webpack-internal:///(app-pages-browser)/./node_modules/.pnpm/next@16.2.1_@babel+core@7.2_362c6897e98f78157a7f59905ed20b55/node_modules/next/dist/next-devtools/shared/forward-logs-shared.js:27
[   77679ms] [LOG] [Fast Refresh] rebuilding @ webpack-internal:///(app-pages-browser)/./node_modules/.pnpm/next@16.2.1_@babel+core@7.2_362c6897e98f78157a7f59905ed20b55/node_modules/next/dist/next-devtools/shared/forward-logs-shared.js:27
[   77878ms] [LOG] [Fast Refresh] done in 199ms @ webpack-internal:///(app-pages-browser)/./node_modules/.pnpm/next@16.2.1_@babel+core@7.2_362c6897e98f78157a7f59905ed20b55/node_modules/next/dist/next-devtools/shared/forward-logs-shared.js:27
[   78159ms] [LOG] [Fast Refresh] rebuilding @ webpack-internal:///(app-pages-browser)/./node_modules/.pnpm/next@16.2.1_@babel+core@7.2_362c6897e98f78157a7f59905ed20b55/node_modules/next/dist/next-devtools/shared/forward-logs-shared.js:27
[   78371ms] [LOG] [Fast Refresh] done in 212ms @ webpack-internal:///(app-pages-browser)/./node_modules/.pnpm/next@16.2.1_@babel+core@7.2_362c6897e98f78157a7f59905ed20b55/node_modules/next/dist/next-devtools/shared/forward-logs-shared.js:27
[   78650ms] [LOG] [Fast Refresh] rebuilding @ webpack-internal:///(app-pages-browser)/./node_modules/.pnpm/next@16.2.1_@babel+core@7.2_362c6897e98f78157a7f59905ed20b55/node_modules/next/dist/next-devtools/shared/forward-logs-shared.js:27
[   78850ms] [LOG] [Fast Refresh] done in 199ms @ webpack-internal:///(app-pages-browser)/./node_modules/.pnpm/next@16.2.1_@babel+core@7.2_362c6897e98f78157a7f59905ed20b55/node_modules/next/dist/next-devtools/shared/forward-logs-shared.js:27
[   79130ms] [LOG] [Fast Refresh] rebuilding @ webpack-internal:///(app-pages-browser)/./node_modules/.pnpm/next@16.2.1_@babel+core@7.2_362c6897e98f78157a7f59905ed20b55/node_modules/next/dist/next-devtools/shared/forward-logs-shared.js:27
[   81164ms] [INFO] %cDownload the React DevTools for a better development experience: https://react.dev/link/react-devtools font-weight:bold @ webpack-internal:///(app-pages-browser)/./node_modules/.pnpm/next@16.2.1_@babel+core@7.2_362c6897e98f78157a7f59905ed20b55/node_modules/next/dist/next-devtools/shared/forward-logs-shared.js:27
[   81244ms] [LOG] [HMR] connected @ webpack-internal:///(app-pages-browser)/./node_modules/.pnpm/next@16.2.1_@babel+core@7.2_362c6897e98f78157a7f59905ed20b55/node_modules/next/dist/next-devtools/shared/forward-logs-shared.js:27
[   82387ms] [LOG] [Fast Refresh] rebuilding @ webpack-internal:///(app-pages-browser)/./node_modules/.pnpm/next@16.2.1_@babel+core@7.2_362c6897e98f78157a7f59905ed20b55/node_modules/next/dist/next-devtools/shared/forward-logs-shared.js:27
[   82806ms] [LOG] [Fast Refresh] done in 419ms @ webpack-internal:///(app-pages-browser)/./node_modules/.pnpm/next@16.2.1_@babel+core@7.2_362c6897e98f78157a7f59905ed20b55/node_modules/next/dist/next-devtools/shared/forward-logs-shared.js:27
[   82970ms] [LOG] [Fast Refresh] rebuilding @ webpack-internal:///(app-pages-browser)/./node_modules/.pnpm/next@16.2.1_@babel+core@7.2_362c6897e98f78157a7f59905ed20b55/node_modules/next/dist/next-devtools/shared/forward-logs-shared.js:27
[   83173ms] [LOG] [Fast Refresh] done in 204ms @ webpack-internal:///(app-pages-browser)/./node_modules/.pnpm/next@16.2.1_@babel+core@7.2_362c6897e98f78157a7f59905ed20b55/node_modules/next/dist/next-devtools/shared/forward-logs-shared.js:27
[   83423ms] [LOG] [Fast Refresh] rebuilding @ webpack-internal:///(app-pages-browser)/./node_modules/.pnpm/next@16.2.1_@babel+core@7.2_362c6897e98f78157a7f59905ed20b55/node_modules/next/dist/next-devtools/shared/forward-logs-shared.js:27
[   83588ms] [LOG] [Fast Refresh] done in 165ms @ webpack-internal:///(app-pages-browser)/./node_modules/.pnpm/next@16.2.1_@babel+core@7.2_362c6897e98f78157a7f59905ed20b55/node_modules/next/dist/next-devtools/shared/forward-logs-shared.js:27
[   83831ms] [LOG] [Fast Refresh] rebuilding @ webpack-internal:///(app-pages-browser)/./node_modules/.pnpm/next@16.2.1_@babel+core@7.2_362c6897e98f78157a7f59905ed20b55/node_modules/next/dist/next-devtools/shared/forward-logs-shared.js:27
[   84193ms] [LOG] [Fast Refresh] done in 363ms @ webpack-internal:///(app-pages-browser)/./node_modules/.pnpm/next@16.2.1_@babel+core@7.2_362c6897e98f78157a7f59905ed20b55/node_modules/next/dist/next-devtools/shared/forward-logs-shared.js:27
[   84563ms] [LOG] [Fast Refresh] rebuilding @ webpack-internal:///(app-pages-browser)/./node_modules/.pnpm/next@16.2.1_@babel+core@7.2_362c6897e98f78157a7f59905ed20b55/node_modules/next/dist/next-devtools/shared/forward-logs-shared.js:27
[   84721ms] [LOG] [Fast Refresh] done in 158ms @ webpack-internal:///(app-pages-browser)/./node_modules/.pnpm/next@16.2.1_@babel+core@7.2_362c6897e98f78157a7f59905ed20b55/node_modules/next/dist/next-devtools/shared/forward-logs-shared.js:27
[   85017ms] [LOG] [Fast Refresh] rebuilding @ webpack-internal:///(app-pages-browser)/./node_modules/.pnpm/next@16.2.1_@babel+core@7.2_362c6897e98f78157a7f59905ed20b55/node_modules/next/dist/next-devtools/shared/forward-logs-shared.js:27
[   85182ms] [LOG] [Fast Refresh] done in 166ms @ webpack-internal:///(app-pages-browser)/./node_modules/.pnpm/next@16.2.1_@babel+core@7.2_362c6897e98f78157a7f59905ed20b55/node_modules/next/dist/next-devtools/shared/forward-logs-shared.js:27
[   85453ms] [LOG] [Fast Refresh] rebuilding @ webpack-internal:///(app-pages-browser)/./node_modules/.pnpm/next@16.2.1_@babel+core@7.2_362c6897e98f78157a7f59905ed20b55/node_modules/next/dist/next-devtools/shared/forward-logs-shared.js:27
[   85601ms] [LOG] [Fast Refresh] done in 148ms @ webpack-internal:///(app-pages-browser)/./node_modules/.pnpm/next@16.2.1_@babel+core@7.2_362c6897e98f78157a7f59905ed20b55/node_modules/next/dist/next-devtools/shared/forward-logs-shared.js:27
[   85820ms] [LOG] [Fast Refresh] rebuilding @ webpack-internal:///(app-pages-browser)/./node_modules/.pnpm/next@16.2.1_@babel+core@7.2_362c6897e98f78157a7f59905ed20b55/node_modules/next/dist/next-devtools/shared/forward-logs-shared.js:27
[   85959ms] [LOG] [Fast Refresh] done in 139ms @ webpack-internal:///(app-pages-browser)/./node_modules/.pnpm/next@16.2.1_@babel+core@7.2_362c6897e98f78157a7f59905ed20b55/node_modules/next/dist/next-devtools/shared/forward-logs-shared.js:27
[   86185ms] [LOG] [Fast Refresh] rebuilding @ webpack-internal:///(app-pages-browser)/./node_modules/.pnpm/next@16.2.1_@babel+core@7.2_362c6897e98f78157a7f59905ed20b55/node_modules/next/dist/next-devtools/shared/forward-logs-shared.js:27
[   86340ms] [LOG] [Fast Refresh] done in 155ms @ webpack-internal:///(app-pages-browser)/./node_modules/.pnpm/next@16.2.1_@babel+core@7.2_362c6897e98f78157a7f59905ed20b55/node_modules/next/dist/next-devtools/shared/forward-logs-shared.js:27
[   86567ms] [LOG] [Fast Refresh] rebuilding @ webpack-internal:///(app-pages-browser)/./node_modules/.pnpm/next@16.2.1_@babel+core@7.2_362c6897e98f78157a7f59905ed20b55/node_modules/next/dist/next-devtools/shared/forward-logs-shared.js:27
[   86728ms] [LOG] [Fast Refresh] done in 161ms @ webpack-internal:///(app-pages-browser)/./node_modules/.pnpm/next@16.2.1_@babel+core@7.2_362c6897e98f78157a7f59905ed20b55/node_modules/next/dist/next-devtools/shared/forward-logs-shared.js:27
[   86949ms] [LOG] [Fast Refresh] rebuilding @ webpack-internal:///(app-pages-browser)/./node_modules/.pnpm/next@16.2.1_@babel+core@7.2_362c6897e98f78157a7f59905ed20b55/node_modules/next/dist/next-devtools/shared/forward-logs-shared.js:27
[   87103ms] [LOG] [Fast Refresh] done in 155ms @ webpack-internal:///(app-pages-browser)/./node_modules/.pnpm/next@16.2.1_@babel+core@7.2_362c6897e98f78157a7f59905ed20b55/node_modules/next/dist/next-devtools/shared/forward-logs-shared.js:27
[   87355ms] [LOG] [Fast Refresh] rebuilding @ webpack-internal:///(app-pages-browser)/./node_modules/.pnpm/next@16.2.1_@babel+core@7.2_362c6897e98f78157a7f59905ed20b55/node_modules/next/dist/next-devtools/shared/forward-logs-shared.js:27
[   87506ms] [LOG] [Fast Refresh] done in 151ms @ webpack-internal:///(app-pages-browser)/./node_modules/.pnpm/next@16.2.1_@babel+core@7.2_362c6897e98f78157a7f59905ed20b55/node_modules/next/dist/next-devtools/shared/forward-logs-shared.js:27
[   87768ms] [LOG] [Fast Refresh] rebuilding @ webpack-internal:///(app-pages-browser)/./node_modules/.pnpm/next@16.2.1_@babel+core@7.2_362c6897e98f78157a7f59905ed20b55/node_modules/next/dist/next-devtools/shared/forward-logs-shared.js:27
[   87926ms] [LOG] [Fast Refresh] done in 158ms @ webpack-internal:///(app-pages-browser)/./node_modules/.pnpm/next@16.2.1_@babel+core@7.2_362c6897e98f78157a7f59905ed20b55/node_modules/next/dist/next-devtools/shared/forward-logs-shared.js:27
[   89631ms] [INFO] %cDownload the React DevTools for a better development experience: https://react.dev/link/react-devtools font-weight:bold @ webpack-internal:///(app-pages-browser)/./node_modules/.pnpm/next@16.2.1_@babel+core@7.2_362c6897e98f78157a7f59905ed20b55/node_modules/next/dist/next-devtools/shared/forward-logs-shared.js:27
[   89718ms] [LOG] [HMR] connected @ webpack-internal:///(app-pages-browser)/./node_modules/.pnpm/next@16.2.1_@babel+core@7.2_362c6897e98f78157a7f59905ed20b55/node_modules/next/dist/next-devtools/shared/forward-logs-shared.js:27
[   90897ms] [LOG] [Fast Refresh] rebuilding @ webpack-internal:///(app-pages-browser)/./node_modules/.pnpm/next@16.2.1_@babel+core@7.2_362c6897e98f78157a7f59905ed20b55/node_modules/next/dist/next-devtools/shared/forward-logs-shared.js:27
[   91313ms] [LOG] [Fast Refresh] done in 416ms @ webpack-internal:///(app-pages-browser)/./node_modules/.pnpm/next@16.2.1_@babel+core@7.2_362c6897e98f78157a7f59905ed20b55/node_modules/next/dist/next-devtools/shared/forward-logs-shared.js:27
[   91372ms] [LOG] [Fast Refresh] rebuilding @ webpack-internal:///(app-pages-browser)/./node_modules/.pnpm/next@16.2.1_@babel+core@7.2_362c6897e98f78157a7f59905ed20b55/node_modules/next/dist/next-devtools/shared/forward-logs-shared.js:27
[   91556ms] [LOG] [Fast Refresh] done in 185ms @ webpack-internal:///(app-pages-browser)/./node_modules/.pnpm/next@16.2.1_@babel+core@7.2_362c6897e98f78157a7f59905ed20b55/node_modules/next/dist/next-devtools/shared/forward-logs-shared.js:27
[   91794ms] [LOG] [Fast Refresh] rebuilding @ webpack-internal:///(app-pages-browser)/./node_modules/.pnpm/next@16.2.1_@babel+core@7.2_362c6897e98f78157a7f59905ed20b55/node_modules/next/dist/next-devtools/shared/forward-logs-shared.js:27
[   91955ms] [LOG] [Fast Refresh] done in 161ms @ webpack-internal:///(app-pages-browser)/./node_modules/.pnpm/next@16.2.1_@babel+core@7.2_362c6897e98f78157a7f59905ed20b55/node_modules/next/dist/next-devtools/shared/forward-logs-shared.js:27
[   92190ms] [LOG] [Fast Refresh] rebuilding @ webpack-internal:///(app-pages-browser)/./node_modules/.pnpm/next@16.2.1_@babel+core@7.2_362c6897e98f78157a7f59905ed20b55/node_modules/next/dist/next-devtools/shared/forward-logs-shared.js:27
[   92338ms] [LOG] [Fast Refresh] done in 148ms @ webpack-internal:///(app-pages-browser)/./node_modules/.pnpm/next@16.2.1_@babel+core@7.2_362c6897e98f78157a7f59905ed20b55/node_modules/next/dist/next-devtools/shared/forward-logs-shared.js:27
[   92566ms] [LOG] [Fast Refresh] rebuilding @ webpack-internal:///(app-pages-browser)/./node_modules/.pnpm/next@16.2.1_@babel+core@7.2_362c6897e98f78157a7f59905ed20b55/node_modules/next/dist/next-devtools/shared/forward-logs-shared.js:27
[   92716ms] [LOG] [Fast Refresh] done in 151ms @ webpack-internal:///(app-pages-browser)/./node_modules/.pnpm/next@16.2.1_@babel+core@7.2_362c6897e98f78157a7f59905ed20b55/node_modules/next/dist/next-devtools/shared/forward-logs-shared.js:27
[   92952ms] [LOG] [Fast Refresh] rebuilding @ webpack-internal:///(app-pages-browser)/./node_modules/.pnpm/next@16.2.1_@babel+core@7.2_362c6897e98f78157a7f59905ed20b55/node_modules/next/dist/next-devtools/shared/forward-logs-shared.js:27
[   93102ms] [LOG] [Fast Refresh] done in 151ms @ webpack-internal:///(app-pages-browser)/./node_modules/.pnpm/next@16.2.1_@babel+core@7.2_362c6897e98f78157a7f59905ed20b55/node_modules/next/dist/next-devtools/shared/forward-logs-shared.js:27
[   93333ms] [LOG] [Fast Refresh] rebuilding @ webpack-internal:///(app-pages-browser)/./node_modules/.pnpm/next@16.2.1_@babel+core@7.2_362c6897e98f78157a7f59905ed20b55/node_modules/next/dist/next-devtools/shared/forward-logs-shared.js:27
[   93470ms] [LOG] [Fast Refresh] done in 138ms @ webpack-internal:///(app-pages-browser)/./node_modules/.pnpm/next@16.2.1_@babel+core@7.2_362c6897e98f78157a7f59905ed20b55/node_modules/next/dist/next-devtools/shared/forward-logs-shared.js:27
[   93698ms] [LOG] [Fast Refresh] rebuilding @ webpack-internal:///(app-pages-browser)/./node_modules/.pnpm/next@16.2.1_@babel+core@7.2_362c6897e98f78157a7f59905ed20b55/node_modules/next/dist/next-devtools/shared/forward-logs-shared.js:27
[   93861ms] [LOG] [Fast Refresh] done in 162ms @ webpack-internal:///(app-pages-browser)/./node_modules/.pnpm/next@16.2.1_@babel+core@7.2_362c6897e98f78157a7f59905ed20b55/node_modules/next/dist/next-devtools/shared/forward-logs-shared.js:27
[   94099ms] [LOG] [Fast Refresh] rebuilding @ webpack-internal:///(app-pages-browser)/./node_modules/.pnpm/next@16.2.1_@babel+core@7.2_362c6897e98f78157a7f59905ed20b55/node_modules/next/dist/next-devtools/shared/forward-logs-shared.js:27
[   94255ms] [LOG] [Fast Refresh] done in 156ms @ webpack-internal:///(app-pages-browser)/./node_modules/.pnpm/next@16.2.1_@babel+core@7.2_362c6897e98f78157a7f59905ed20b55/node_modules/next/dist/next-devtools/shared/forward-logs-shared.js:27
[   94486ms] [LOG] [Fast Refresh] rebuilding @ webpack-internal:///(app-pages-browser)/./node_modules/.pnpm/next@16.2.1_@babel+core@7.2_362c6897e98f78157a7f59905ed20b55/node_modules/next/dist/next-devtools/shared/forward-logs-shared.js:27
[   94661ms] [LOG] [Fast Refresh] done in 174ms @ webpack-internal:///(app-pages-browser)/./node_modules/.pnpm/next@16.2.1_@babel+core@7.2_362c6897e98f78157a7f59905ed20b55/node_modules/next/dist/next-devtools/shared/forward-logs-shared.js:27
[   94903ms] [LOG] [Fast Refresh] rebuilding @ webpack-internal:///(app-pages-browser)/./node_modules/.pnpm/next@16.2.1_@babel+core@7.2_362c6897e98f78157a7f59905ed20b55/node_modules/next/dist/next-devtools/shared/forward-logs-shared.js:27
[   95033ms] [LOG] [Fast Refresh] done in 129ms @ webpack-internal:///(app-pages-browser)/./node_modules/.pnpm/next@16.2.1_@babel+core@7.2_362c6897e98f78157a7f59905ed20b55/node_modules/next/dist/next-devtools/shared/forward-logs-shared.js:27
[   95244ms] [LOG] [Fast Refresh] rebuilding @ webpack-internal:///(app-pages-browser)/./node_modules/.pnpm/next@16.2.1_@babel+core@7.2_362c6897e98f78157a7f59905ed20b55/node_modules/next/dist/next-devtools/shared/forward-logs-shared.js:27
[   95371ms] [LOG] [Fast Refresh] done in 128ms @ webpack-internal:///(app-pages-browser)/./node_modules/.pnpm/next@16.2.1_@babel+core@7.2_362c6897e98f78157a7f59905ed20b55/node_modules/next/dist/next-devtools/shared/forward-logs-shared.js:27
[   95590ms] [LOG] [Fast Refresh] rebuilding @ webpack-internal:///(app-pages-browser)/./node_modules/.pnpm/next@16.2.1_@babel+core@7.2_362c6897e98f78157a7f59905ed20b55/node_modules/next/dist/next-devtools/shared/forward-logs-shared.js:27
[   95734ms] [LOG] [Fast Refresh] done in 145ms @ webpack-internal:///(app-pages-browser)/./node_modules/.pnpm/next@16.2.1_@babel+core@7.2_362c6897e98f78157a7f59905ed20b55/node_modules/next/dist/next-devtools/shared/forward-logs-shared.js:27
[   99533ms] [INFO] %cDownload the React DevTools for a better development experience: https://react.dev/link/react-devtools font-weight:bold @ webpack-internal:///(app-pages-browser)/./node_modules/.pnpm/next@16.2.1_@babel+core@7.2_362c6897e98f78157a7f59905ed20b55/node_modules/next/dist/next-devtools/shared/forward-logs-shared.js:27
[   99617ms] [LOG] [HMR] connected @ webpack-internal:///(app-pages-browser)/./node_modules/.pnpm/next@16.2.1_@babel+core@7.2_362c6897e98f78157a7f59905ed20b55/node_modules/next/dist/next-devtools/shared/forward-logs-shared.js:27
[  100768ms] [LOG] [Fast Refresh] rebuilding @ webpack-internal:///(app-pages-browser)/./node_modules/.pnpm/next@16.2.1_@babel+core@7.2_362c6897e98f78157a7f59905ed20b55/node_modules/next/dist/next-devtools/shared/forward-logs-shared.js:27
[  101161ms] [LOG] [Fast Refresh] done in 392ms @ webpack-internal:///(app-pages-browser)/./node_modules/.pnpm/next@16.2.1_@babel+core@7.2_362c6897e98f78157a7f59905ed20b55/node_modules/next/dist/next-devtools/shared/forward-logs-shared.js:27
[  101338ms] [LOG] [Fast Refresh] rebuilding @ webpack-internal:///(app-pages-browser)/./node_modules/.pnpm/next@16.2.1_@babel+core@7.2_362c6897e98f78157a7f59905ed20b55/node_modules/next/dist/next-devtools/shared/forward-logs-shared.js:27
[  101458ms] [LOG] [Fast Refresh] done in 119ms @ webpack-internal:///(app-pages-browser)/./node_modules/.pnpm/next@16.2.1_@babel+core@7.2_362c6897e98f78157a7f59905ed20b55/node_modules/next/dist/next-devtools/shared/forward-logs-shared.js:27
[  101735ms] [LOG] [Fast Refresh] rebuilding @ webpack-internal:///(app-pages-browser)/./node_modules/.pnpm/next@16.2.1_@babel+core@7.2_362c6897e98f78157a7f59905ed20b55/node_modules/next/dist/next-devtools/shared/forward-logs-shared.js:27
[  101829ms] [LOG] [Fast Refresh] done in 94ms @ webpack-internal:///(app-pages-browser)/./node_modules/.pnpm/next@16.2.1_@babel+core@7.2_362c6897e98f78157a7f59905ed20b55/node_modules/next/dist/next-devtools/shared/forward-logs-shared.js:27
[  102123ms] [LOG] [Fast Refresh] rebuilding @ webpack-internal:///(app-pages-browser)/./node_modules/.pnpm/next@16.2.1_@babel+core@7.2_362c6897e98f78157a7f59905ed20b55/node_modules/next/dist/next-devtools/shared/forward-logs-shared.js:27
[  102267ms] [LOG] [Fast Refresh] done in 144ms @ webpack-internal:///(app-pages-browser)/./node_modules/.pnpm/next@16.2.1_@babel+core@7.2_362c6897e98f78157a7f59905ed20b55/node_modules/next/dist/next-devtools/shared/forward-logs-shared.js:27
[  104030ms] [INFO] %cDownload the React DevTools for a better development experience: https://react.dev/link/react-devtools font-weight:bold @ webpack-internal:///(app-pages-browser)/./node_modules/.pnpm/next@16.2.1_@babel+core@7.2_362c6897e98f78157a7f59905ed20b55/node_modules/next/dist/next-devtools/shared/forward-logs-shared.js:27
[  104148ms] [LOG] [HMR] connected @ webpack-internal:///(app-pages-browser)/./node_modules/.pnpm/next@16.2.1_@babel+core@7.2_362c6897e98f78157a7f59905ed20b55/node_modules/next/dist/next-devtools/shared/forward-logs-shared.js:27
[  105355ms] [LOG] [Fast Refresh] rebuilding @ webpack-internal:///(app-pages-browser)/./node_modules/.pnpm/next@16.2.1_@babel+core@7.2_362c6897e98f78157a7f59905ed20b55/node_modules/next/dist/next-devtools/shared/forward-logs-shared.js:27
[  105801ms] [LOG] [Fast Refresh] done in 446ms @ webpack-internal:///(app-pages-browser)/./node_modules/.pnpm/next@16.2.1_@babel+core@7.2_362c6897e98f78157a7f59905ed20b55/node_modules/next/dist/next-devtools/shared/forward-logs-shared.js:27
[  106017ms] [LOG] [Fast Refresh] rebuilding @ webpack-internal:///(app-pages-browser)/./node_modules/.pnpm/next@16.2.1_@babel+core@7.2_362c6897e98f78157a7f59905ed20b55/node_modules/next/dist/next-devtools/shared/forward-logs-shared.js:27
[  106158ms] [LOG] [Fast Refresh] done in 140ms @ webpack-internal:///(app-pages-browser)/./node_modules/.pnpm/next@16.2.1_@babel+core@7.2_362c6897e98f78157a7f59905ed20b55/node_modules/next/dist/next-devtools/shared/forward-logs-shared.js:27
[  106459ms] [LOG] [Fast Refresh] rebuilding @ webpack-internal:///(app-pages-browser)/./node_modules/.pnpm/next@16.2.1_@babel+core@7.2_362c6897e98f78157a7f59905ed20b55/node_modules/next/dist/next-devtools/shared/forward-logs-shared.js:27
[  106557ms] [LOG] [Fast Refresh] done in 98ms @ webpack-internal:///(app-pages-browser)/./node_modules/.pnpm/next@16.2.1_@babel+core@7.2_362c6897e98f78157a7f59905ed20b55/node_modules/next/dist/next-devtools/shared/forward-logs-shared.js:27
[  106829ms] [LOG] [Fast Refresh] rebuilding @ webpack-internal:///(app-pages-browser)/./node_modules/.pnpm/next@16.2.1_@babel+core@7.2_362c6897e98f78157a7f59905ed20b55/node_modules/next/dist/next-devtools/shared/forward-logs-shared.js:27
[  106946ms] [LOG] [Fast Refresh] done in 118ms @ webpack-internal:///(app-pages-browser)/./node_modules/.pnpm/next@16.2.1_@babel+core@7.2_362c6897e98f78157a7f59905ed20b55/node_modules/next/dist/next-devtools/shared/forward-logs-shared.js:27
[  107181ms] [LOG] [Fast Refresh] rebuilding @ webpack-internal:///(app-pages-browser)/./node_modules/.pnpm/next@16.2.1_@babel+core@7.2_362c6897e98f78157a7f59905ed20b55/node_modules/next/dist/next-devtools/shared/forward-logs-shared.js:27
[  107283ms] [LOG] [Fast Refresh] done in 103ms @ webpack-internal:///(app-pages-browser)/./node_modules/.pnpm/next@16.2.1_@babel+core@7.2_362c6897e98f78157a7f59905ed20b55/node_modules/next/dist/next-devtools/shared/forward-logs-shared.js:27
[  107570ms] [LOG] [Fast Refresh] rebuilding @ webpack-internal:///(app-pages-browser)/./node_modules/.pnpm/next@16.2.1_@babel+core@7.2_362c6897e98f78157a7f59905ed20b55/node_modules/next/dist/next-devtools/shared/forward-logs-shared.js:27
[  107687ms] [LOG] [Fast Refresh] done in 117ms @ webpack-internal:///(app-pages-browser)/./node_modules/.pnpm/next@16.2.1_@babel+core@7.2_362c6897e98f78157a7f59905ed20b55/node_modules/next/dist/next-devtools/shared/forward-logs-shared.js:27
[  107981ms] [LOG] [Fast Refresh] rebuilding @ webpack-internal:///(app-pages-browser)/./node_modules/.pnpm/next@16.2.1_@babel+core@7.2_362c6897e98f78157a7f59905ed20b55/node_modules/next/dist/next-devtools/shared/forward-logs-shared.js:27
[  108108ms] [LOG] [Fast Refresh] done in 127ms @ webpack-internal:///(app-pages-browser)/./node_modules/.pnpm/next@16.2.1_@babel+core@7.2_362c6897e98f78157a7f59905ed20b55/node_modules/next/dist/next-devtools/shared/forward-logs-shared.js:27
[  108335ms] [LOG] [Fast Refresh] rebuilding @ webpack-internal:///(app-pages-browser)/./node_modules/.pnpm/next@16.2.1_@babel+core@7.2_362c6897e98f78157a7f59905ed20b55/node_modules/next/dist/next-devtools/shared/forward-logs-shared.js:27
[  108433ms] [LOG] [Fast Refresh] done in 97ms @ webpack-internal:///(app-pages-browser)/./node_modules/.pnpm/next@16.2.1_@babel+core@7.2_362c6897e98f78157a7f59905ed20b55/node_modules/next/dist/next-devtools/shared/forward-logs-shared.js:27
[  108647ms] [LOG] [Fast Refresh] rebuilding @ webpack-internal:///(app-pages-browser)/./node_modules/.pnpm/next@16.2.1_@babel+core@7.2_362c6897e98f78157a7f59905ed20b55/node_modules/next/dist/next-devtools/shared/forward-logs-shared.js:27
[  108743ms] [LOG] [Fast Refresh] done in 96ms @ webpack-internal:///(app-pages-browser)/./node_modules/.pnpm/next@16.2.1_@babel+core@7.2_362c6897e98f78157a7f59905ed20b55/node_modules/next/dist/next-devtools/shared/forward-logs-shared.js:27
[  108953ms] [LOG] [Fast Refresh] rebuilding @ webpack-internal:///(app-pages-browser)/./node_modules/.pnpm/next@16.2.1_@babel+core@7.2_362c6897e98f78157a7f59905ed20b55/node_modules/next/dist/next-devtools/shared/forward-logs-shared.js:27
[  109035ms] [LOG] [Fast Refresh] done in 81ms @ webpack-internal:///(app-pages-browser)/./node_modules/.pnpm/next@16.2.1_@babel+core@7.2_362c6897e98f78157a7f59905ed20b55/node_modules/next/dist/next-devtools/shared/forward-logs-shared.js:27
[  109235ms] [LOG] [Fast Refresh] rebuilding @ webpack-internal:///(app-pages-browser)/./node_modules/.pnpm/next@16.2.1_@babel+core@7.2_362c6897e98f78157a7f59905ed20b55/node_modules/next/dist/next-devtools/shared/forward-logs-shared.js:27
[  109313ms] [LOG] [Fast Refresh] done in 78ms @ webpack-internal:///(app-pages-browser)/./node_modules/.pnpm/next@16.2.1_@babel+core@7.2_362c6897e98f78157a7f59905ed20b55/node_modules/next/dist/next-devtools/shared/forward-logs-shared.js:27
[  109499ms] [LOG] [Fast Refresh] rebuilding @ webpack-internal:///(app-pages-browser)/./node_modules/.pnpm/next@16.2.1_@babel+core@7.2_362c6897e98f78157a7f59905ed20b55/node_modules/next/dist/next-devtools/shared/forward-logs-shared.js:27
[  109584ms] [LOG] [Fast Refresh] done in 85ms @ webpack-internal:///(app-pages-browser)/./node_modules/.pnpm/next@16.2.1_@babel+core@7.2_362c6897e98f78157a7f59905ed20b55/node_modules/next/dist/next-devtools/shared/forward-logs-shared.js:27
[  109786ms] [LOG] [Fast Refresh] rebuilding @ webpack-internal:///(app-pages-browser)/./node_modules/.pnpm/next@16.2.1_@babel+core@7.2_362c6897e98f78157a7f59905ed20b55/node_modules/next/dist/next-devtools/shared/forward-logs-shared.js:27
[  109879ms] [LOG] [Fast Refresh] done in 94ms @ webpack-internal:///(app-pages-browser)/./node_modules/.pnpm/next@16.2.1_@babel+core@7.2_362c6897e98f78157a7f59905ed20b55/node_modules/next/dist/next-devtools/shared/forward-logs-shared.js:27
[  110102ms] [LOG] [Fast Refresh] rebuilding @ webpack-internal:///(app-pages-browser)/./node_modules/.pnpm/next@16.2.1_@babel+core@7.2_362c6897e98f78157a7f59905ed20b55/node_modules/next/dist/next-devtools/shared/forward-logs-shared.js:27
[  110189ms] [LOG] [Fast Refresh] done in 88ms @ webpack-internal:///(app-pages-browser)/./node_modules/.pnpm/next@16.2.1_@babel+core@7.2_362c6897e98f78157a7f59905ed20b55/node_modules/next/dist/next-devtools/shared/forward-logs-shared.js:27
[  111887ms] [INFO] %cDownload the React DevTools for a better development experience: https://react.dev/link/react-devtools font-weight:bold @ webpack-internal:///(app-pages-browser)/./node_modules/.pnpm/next@16.2.1_@babel+core@7.2_362c6897e98f78157a7f59905ed20b55/node_modules/next/dist/next-devtools/shared/forward-logs-shared.js:27
[  111992ms] [LOG] [HMR] connected @ webpack-internal:///(app-pages-browser)/./node_modules/.pnpm/next@16.2.1_@babel+core@7.2_362c6897e98f78157a7f59905ed20b55/node_modules/next/dist/next-devtools/shared/forward-logs-shared.js:27
[  113344ms] [LOG] [Fast Refresh] rebuilding @ webpack-internal:///(app-pages-browser)/./node_modules/.pnpm/next@16.2.1_@babel+core@7.2_362c6897e98f78157a7f59905ed20b55/node_modules/next/dist/next-devtools/shared/forward-logs-shared.js:27
[  113848ms] [LOG] [Fast Refresh] done in 503ms @ webpack-internal:///(app-pages-browser)/./node_modules/.pnpm/next@16.2.1_@babel+core@7.2_362c6897e98f78157a7f59905ed20b55/node_modules/next/dist/next-devtools/shared/forward-logs-shared.js:27
[  113902ms] [LOG] [Fast Refresh] rebuilding @ webpack-internal:///(app-pages-browser)/./node_modules/.pnpm/next@16.2.1_@babel+core@7.2_362c6897e98f78157a7f59905ed20b55/node_modules/next/dist/next-devtools/shared/forward-logs-shared.js:27
[  114052ms] [LOG] [Fast Refresh] done in 150ms @ webpack-internal:///(app-pages-browser)/./node_modules/.pnpm/next@16.2.1_@babel+core@7.2_362c6897e98f78157a7f59905ed20b55/node_modules/next/dist/next-devtools/shared/forward-logs-shared.js:27
[  114353ms] [LOG] [Fast Refresh] rebuilding @ webpack-internal:///(app-pages-browser)/./node_modules/.pnpm/next@16.2.1_@babel+core@7.2_362c6897e98f78157a7f59905ed20b55/node_modules/next/dist/next-devtools/shared/forward-logs-shared.js:27
[  114487ms] [LOG] [Fast Refresh] done in 133ms @ webpack-internal:///(app-pages-browser)/./node_modules/.pnpm/next@16.2.1_@babel+core@7.2_362c6897e98f78157a7f59905ed20b55/node_modules/next/dist/next-devtools/shared/forward-logs-shared.js:27
[  114774ms] [LOG] [Fast Refresh] rebuilding @ webpack-internal:///(app-pages-browser)/./node_modules/.pnpm/next@16.2.1_@babel+core@7.2_362c6897e98f78157a7f59905ed20b55/node_modules/next/dist/next-devtools/shared/forward-logs-shared.js:27
[  114900ms] [LOG] [Fast Refresh] done in 125ms @ webpack-internal:///(app-pages-browser)/./node_modules/.pnpm/next@16.2.1_@babel+core@7.2_362c6897e98f78157a7f59905ed20b55/node_modules/next/dist/next-devtools/shared/forward-logs-shared.js:27
[  115213ms] [LOG] [Fast Refresh] rebuilding @ webpack-internal:///(app-pages-browser)/./node_modules/.pnpm/next@16.2.1_@babel+core@7.2_362c6897e98f78157a7f59905ed20b55/node_modules/next/dist/next-devtools/shared/forward-logs-shared.js:27
[  115330ms] [LOG] [Fast Refresh] done in 117ms @ webpack-internal:///(app-pages-browser)/./node_modules/.pnpm/next@16.2.1_@babel+core@7.2_362c6897e98f78157a7f59905ed20b55/node_modules/next/dist/next-devtools/shared/forward-logs-shared.js:27
[  115589ms] [LOG] [Fast Refresh] rebuilding @ webpack-internal:///(app-pages-browser)/./node_modules/.pnpm/next@16.2.1_@babel+core@7.2_362c6897e98f78157a7f59905ed20b55/node_modules/next/dist/next-devtools/shared/forward-logs-shared.js:27
[  115710ms] [LOG] [Fast Refresh] done in 120ms @ webpack-internal:///(app-pages-browser)/./node_modules/.pnpm/next@16.2.1_@babel+core@7.2_362c6897e98f78157a7f59905ed20b55/node_modules/next/dist/next-devtools/shared/forward-logs-shared.js:27
[  115968ms] [LOG] [Fast Refresh] rebuilding @ webpack-internal:///(app-pages-browser)/./node_modules/.pnpm/next@16.2.1_@babel+core@7.2_362c6897e98f78157a7f59905ed20b55/node_modules/next/dist/next-devtools/shared/forward-logs-shared.js:27
[  116148ms] [LOG] [Fast Refresh] done in 179ms @ webpack-internal:///(app-pages-browser)/./node_modules/.pnpm/next@16.2.1_@babel+core@7.2_362c6897e98f78157a7f59905ed20b55/node_modules/next/dist/next-devtools/shared/forward-logs-shared.js:27
[  116519ms] [LOG] [Fast Refresh] rebuilding @ webpack-internal:///(app-pages-browser)/./node_modules/.pnpm/next@16.2.1_@babel+core@7.2_362c6897e98f78157a7f59905ed20b55/node_modules/next/dist/next-devtools/shared/forward-logs-shared.js:27
[  116646ms] [LOG] [Fast Refresh] done in 126ms @ webpack-internal:///(app-pages-browser)/./node_modules/.pnpm/next@16.2.1_@babel+core@7.2_362c6897e98f78157a7f59905ed20b55/node_modules/next/dist/next-devtools/shared/forward-logs-shared.js:27
[  116910ms] [LOG] [Fast Refresh] rebuilding @ webpack-internal:///(app-pages-browser)/./node_modules/.pnpm/next@16.2.1_@babel+core@7.2_362c6897e98f78157a7f59905ed20b55/node_modules/next/dist/next-devtools/shared/forward-logs-shared.js:27
[  117028ms] [LOG] [Fast Refresh] done in 119ms @ webpack-internal:///(app-pages-browser)/./node_modules/.pnpm/next@16.2.1_@babel+core@7.2_362c6897e98f78157a7f59905ed20b55/node_modules/next/dist/next-devtools/shared/forward-logs-shared.js:27
[  117341ms] [LOG] [Fast Refresh] rebuilding @ webpack-internal:///(app-pages-browser)/./node_modules/.pnpm/next@16.2.1_@babel+core@7.2_362c6897e98f78157a7f59905ed20b55/node_modules/next/dist/next-devtools/shared/forward-logs-shared.js:27
[  117449ms] [LOG] [Fast Refresh] done in 108ms @ webpack-internal:///(app-pages-browser)/./node_modules/.pnpm/next@16.2.1_@babel+core@7.2_362c6897e98f78157a7f59905ed20b55/node_modules/next/dist/next-devtools/shared/forward-logs-shared.js:27
[  117664ms] [LOG] [Fast Refresh] rebuilding @ webpack-internal:///(app-pages-browser)/./node_modules/.pnpm/next@16.2.1_@babel+core@7.2_362c6897e98f78157a7f59905ed20b55/node_modules/next/dist/next-devtools/shared/forward-logs-shared.js:27
[  117747ms] [LOG] [Fast Refresh] done in 83ms @ webpack-internal:///(app-pages-browser)/./node_modules/.pnpm/next@16.2.1_@babel+core@7.2_362c6897e98f78157a7f59905ed20b55/node_modules/next/dist/next-devtools/shared/forward-logs-shared.js:27
[  117979ms] [LOG] [Fast Refresh] rebuilding @ webpack-internal:///(app-pages-browser)/./node_modules/.pnpm/next@16.2.1_@babel+core@7.2_362c6897e98f78157a7f59905ed20b55/node_modules/next/dist/next-devtools/shared/forward-logs-shared.js:27
[  118064ms] [LOG] [Fast Refresh] done in 85ms @ webpack-internal:///(app-pages-browser)/./node_modules/.pnpm/next@16.2.1_@babel+core@7.2_362c6897e98f78157a7f59905ed20b55/node_modules/next/dist/next-devtools/shared/forward-logs-shared.js:27
[  118270ms] [LOG] [Fast Refresh] rebuilding @ webpack-internal:///(app-pages-browser)/./node_modules/.pnpm/next@16.2.1_@babel+core@7.2_362c6897e98f78157a7f59905ed20b55/node_modules/next/dist/next-devtools/shared/forward-logs-shared.js:27
[  118373ms] [LOG] [Fast Refresh] done in 104ms @ webpack-internal:///(app-pages-browser)/./node_modules/.pnpm/next@16.2.1_@babel+core@7.2_362c6897e98f78157a7f59905ed20b55/node_modules/next/dist/next-devtools/shared/forward-logs-shared.js:27
[  119917ms] [INFO] %cDownload the React DevTools for a better development experience: https://react.dev/link/react-devtools font-weight:bold @ webpack-internal:///(app-pages-browser)/./node_modules/.pnpm/next@16.2.1_@babel+core@7.2_362c6897e98f78157a7f59905ed20b55/node_modules/next/dist/next-devtools/shared/forward-logs-shared.js:27
[  120037ms] [LOG] [HMR] connected @ webpack-internal:///(app-pages-browser)/./node_modules/.pnpm/next@16.2.1_@babel+core@7.2_362c6897e98f78157a7f59905ed20b55/node_modules/next/dist/next-devtools/shared/forward-logs-shared.js:27
[  121618ms] [LOG] [Fast Refresh] rebuilding @ webpack-internal:///(app-pages-browser)/./node_modules/.pnpm/next@16.2.1_@babel+core@7.2_362c6897e98f78157a7f59905ed20b55/node_modules/next/dist/next-devtools/shared/forward-logs-shared.js:27
[  122050ms] [LOG] [Fast Refresh] done in 433ms @ webpack-internal:///(app-pages-browser)/./node_modules/.pnpm/next@16.2.1_@babel+core@7.2_362c6897e98f78157a7f59905ed20b55/node_modules/next/dist/next-devtools/shared/forward-logs-shared.js:27
[  122211ms] [LOG] [Fast Refresh] rebuilding @ webpack-internal:///(app-pages-browser)/./node_modules/.pnpm/next@16.2.1_@babel+core@7.2_362c6897e98f78157a7f59905ed20b55/node_modules/next/dist/next-devtools/shared/forward-logs-shared.js:27
[  122288ms] [LOG] [Fast Refresh] done in 78ms @ webpack-internal:///(app-pages-browser)/./node_modules/.pnpm/next@16.2.1_@babel+core@7.2_362c6897e98f78157a7f59905ed20b55/node_modules/next/dist/next-devtools/shared/forward-logs-shared.js:27
[  123221ms] [LOG] [Fast Refresh] rebuilding @ webpack-internal:///(app-pages-browser)/./node_modules/.pnpm/next@16.2.1_@babel+core@7.2_362c6897e98f78157a7f59905ed20b55/node_modules/next/dist/next-devtools/shared/forward-logs-shared.js:27
[  123497ms] [LOG] [Fast Refresh] done in 276ms @ webpack-internal:///(app-pages-browser)/./node_modules/.pnpm/next@16.2.1_@babel+core@7.2_362c6897e98f78157a7f59905ed20b55/node_modules/next/dist/next-devtools/shared/forward-logs-shared.js:27
[  123748ms] [LOG] [Fast Refresh] rebuilding @ webpack-internal:///(app-pages-browser)/./node_modules/.pnpm/next@16.2.1_@babel+core@7.2_362c6897e98f78157a7f59905ed20b55/node_modules/next/dist/next-devtools/shared/forward-logs-shared.js:27
[  123914ms] [LOG] [Fast Refresh] done in 165ms @ webpack-internal:///(app-pages-browser)/./node_modules/.pnpm/next@16.2.1_@babel+core@7.2_362c6897e98f78157a7f59905ed20b55/node_modules/next/dist/next-devtools/shared/forward-logs-shared.js:27
[  124117ms] [LOG] [Fast Refresh] rebuilding @ webpack-internal:///(app-pages-browser)/./node_modules/.pnpm/next@16.2.1_@babel+core@7.2_362c6897e98f78157a7f59905ed20b55/node_modules/next/dist/next-devtools/shared/forward-logs-shared.js:27
[  124263ms] [LOG] [Fast Refresh] done in 145ms @ webpack-internal:///(app-pages-browser)/./node_modules/.pnpm/next@16.2.1_@babel+core@7.2_362c6897e98f78157a7f59905ed20b55/node_modules/next/dist/next-devtools/shared/forward-logs-shared.js:27
[  124474ms] [LOG] [Fast Refresh] rebuilding @ webpack-internal:///(app-pages-browser)/./node_modules/.pnpm/next@16.2.1_@babel+core@7.2_362c6897e98f78157a7f59905ed20b55/node_modules/next/dist/next-devtools/shared/forward-logs-shared.js:27
[  124680ms] [LOG] [Fast Refresh] done in 206ms @ webpack-internal:///(app-pages-browser)/./node_modules/.pnpm/next@16.2.1_@babel+core@7.2_362c6897e98f78157a7f59905ed20b55/node_modules/next/dist/next-devtools/shared/forward-logs-shared.js:27
[  124977ms] [LOG] [Fast Refresh] rebuilding @ webpack-internal:///(app-pages-browser)/./node_modules/.pnpm/next@16.2.1_@babel+core@7.2_362c6897e98f78157a7f59905ed20b55/node_modules/next/dist/next-devtools/shared/forward-logs-shared.js:27
[  125131ms] [LOG] [Fast Refresh] done in 154ms @ webpack-internal:///(app-pages-browser)/./node_modules/.pnpm/next@16.2.1_@babel+core@7.2_362c6897e98f78157a7f59905ed20b55/node_modules/next/dist/next-devtools/shared/forward-logs-shared.js:27
[  125349ms] [LOG] [Fast Refresh] rebuilding @ webpack-internal:///(app-pages-browser)/./node_modules/.pnpm/next@16.2.1_@babel+core@7.2_362c6897e98f78157a7f59905ed20b55/node_modules/next/dist/next-devtools/shared/forward-logs-shared.js:27
[  125469ms] [LOG] [Fast Refresh] done in 121ms @ webpack-internal:///(app-pages-browser)/./node_modules/.pnpm/next@16.2.1_@babel+core@7.2_362c6897e98f78157a7f59905ed20b55/node_modules/next/dist/next-devtools/shared/forward-logs-shared.js:27
[  125693ms] [LOG] [Fast Refresh] rebuilding @ webpack-internal:///(app-pages-browser)/./node_modules/.pnpm/next@16.2.1_@babel+core@7.2_362c6897e98f78157a7f59905ed20b55/node_modules/next/dist/next-devtools/shared/forward-logs-shared.js:27
[  125819ms] [LOG] [Fast Refresh] done in 126ms @ webpack-internal:///(app-pages-browser)/./node_modules/.pnpm/next@16.2.1_@babel+core@7.2_362c6897e98f78157a7f59905ed20b55/node_modules/next/dist/next-devtools/shared/forward-logs-shared.js:27
[  126034ms] [LOG] [Fast Refresh] rebuilding @ webpack-internal:///(app-pages-browser)/./node_modules/.pnpm/next@16.2.1_@babel+core@7.2_362c6897e98f78157a7f59905ed20b55/node_modules/next/dist/next-devtools/shared/forward-logs-shared.js:27
[  126181ms] [LOG] [Fast Refresh] done in 148ms @ webpack-internal:///(app-pages-browser)/./node_modules/.pnpm/next@16.2.1_@babel+core@7.2_362c6897e98f78157a7f59905ed20b55/node_modules/next/dist/next-devtools/shared/forward-logs-shared.js:27
[  126386ms] [LOG] [Fast Refresh] rebuilding @ webpack-internal:///(app-pages-browser)/./node_modules/.pnpm/next@16.2.1_@babel+core@7.2_362c6897e98f78157a7f59905ed20b55/node_modules/next/dist/next-devtools/shared/forward-logs-shared.js:27
[  126531ms] [LOG] [Fast Refresh] done in 146ms @ webpack-internal:///(app-pages-browser)/./node_modules/.pnpm/next@16.2.1_@babel+core@7.2_362c6897e98f78157a7f59905ed20b55/node_modules/next/dist/next-devtools/shared/forward-logs-shared.js:27
[  126751ms] [LOG] [Fast Refresh] rebuilding @ webpack-internal:///(app-pages-browser)/./node_modules/.pnpm/next@16.2.1_@babel+core@7.2_362c6897e98f78157a7f59905ed20b55/node_modules/next/dist/next-devtools/shared/forward-logs-shared.js:27
[  129009ms] [INFO] %cDownload the React DevTools for a better development experience: https://react.dev/link/react-devtools font-weight:bold @ webpack-internal:///(app-pages-browser)/./node_modules/.pnpm/next@16.2.1_@babel+core@7.2_362c6897e98f78157a7f59905ed20b55/node_modules/next/dist/next-devtools/shared/forward-logs-shared.js:27
[  129112ms] [LOG] [HMR] connected @ webpack-internal:///(app-pages-browser)/./node_modules/.pnpm/next@16.2.1_@babel+core@7.2_362c6897e98f78157a7f59905ed20b55/node_modules/next/dist/next-devtools/shared/forward-logs-shared.js:27
[  131151ms] [LOG] [Fast Refresh] rebuilding @ webpack-internal:///(app-pages-browser)/./node_modules/.pnpm/next@16.2.1_@babel+core@7.2_362c6897e98f78157a7f59905ed20b55/node_modules/next/dist/next-devtools/shared/forward-logs-shared.js:27
[  131917ms] [LOG] [Fast Refresh] done in 767ms @ webpack-internal:///(app-pages-browser)/./node_modules/.pnpm/next@16.2.1_@babel+core@7.2_362c6897e98f78157a7f59905ed20b55/node_modules/next/dist/next-devtools/shared/forward-logs-shared.js:27
[  132053ms] [LOG] [Fast Refresh] rebuilding @ webpack-internal:///(app-pages-browser)/./node_modules/.pnpm/next@16.2.1_@babel+core@7.2_362c6897e98f78157a7f59905ed20b55/node_modules/next/dist/next-devtools/shared/forward-logs-shared.js:27
[  132350ms] [LOG] [Fast Refresh] done in 296ms @ webpack-internal:///(app-pages-browser)/./node_modules/.pnpm/next@16.2.1_@babel+core@7.2_362c6897e98f78157a7f59905ed20b55/node_modules/next/dist/next-devtools/shared/forward-logs-shared.js:27
[  132732ms] [LOG] [Fast Refresh] rebuilding @ webpack-internal:///(app-pages-browser)/./node_modules/.pnpm/next@16.2.1_@babel+core@7.2_362c6897e98f78157a7f59905ed20b55/node_modules/next/dist/next-devtools/shared/forward-logs-shared.js:27
[  132929ms] [LOG] [Fast Refresh] done in 198ms @ webpack-internal:///(app-pages-browser)/./node_modules/.pnpm/next@16.2.1_@babel+core@7.2_362c6897e98f78157a7f59905ed20b55/node_modules/next/dist/next-devtools/shared/forward-logs-shared.js:27
[  133362ms] [LOG] [Fast Refresh] rebuilding @ webpack-internal:///(app-pages-browser)/./node_modules/.pnpm/next@16.2.1_@babel+core@7.2_362c6897e98f78157a7f59905ed20b55/node_modules/next/dist/next-devtools/shared/forward-logs-shared.js:27
[  133625ms] [LOG] [Fast Refresh] done in 263ms @ webpack-internal:///(app-pages-browser)/./node_modules/.pnpm/next@16.2.1_@babel+core@7.2_362c6897e98f78157a7f59905ed20b55/node_modules/next/dist/next-devtools/shared/forward-logs-shared.js:27
[  134377ms] [LOG] [Fast Refresh] rebuilding @ webpack-internal:///(app-pages-browser)/./node_modules/.pnpm/next@16.2.1_@babel+core@7.2_362c6897e98f78157a7f59905ed20b55/node_modules/next/dist/next-devtools/shared/forward-logs-shared.js:27
[  134850ms] [LOG] [Fast Refresh] done in 472ms @ webpack-internal:///(app-pages-browser)/./node_modules/.pnpm/next@16.2.1_@babel+core@7.2_362c6897e98f78157a7f59905ed20b55/node_modules/next/dist/next-devtools/shared/forward-logs-shared.js:27
[  135249ms] [LOG] [Fast Refresh] rebuilding @ webpack-internal:///(app-pages-browser)/./node_modules/.pnpm/next@16.2.1_@babel+core@7.2_362c6897e98f78157a7f59905ed20b55/node_modules/next/dist/next-devtools/shared/forward-logs-shared.js:27
[  135467ms] [LOG] [Fast Refresh] done in 217ms @ webpack-internal:///(app-pages-browser)/./node_modules/.pnpm/next@16.2.1_@babel+core@7.2_362c6897e98f78157a7f59905ed20b55/node_modules/next/dist/next-devtools/shared/forward-logs-shared.js:27
[  135802ms] [LOG] [Fast Refresh] rebuilding @ webpack-internal:///(app-pages-browser)/./node_modules/.pnpm/next@16.2.1_@babel+core@7.2_362c6897e98f78157a7f59905ed20b55/node_modules/next/dist/next-devtools/shared/forward-logs-shared.js:27
[  135977ms] [LOG] [Fast Refresh] done in 175ms @ webpack-internal:///(app-pages-browser)/./node_modules/.pnpm/next@16.2.1_@babel+core@7.2_362c6897e98f78157a7f59905ed20b55/node_modules/next/dist/next-devtools/shared/forward-logs-shared.js:27
[  136252ms] [LOG] [Fast Refresh] rebuilding @ webpack-internal:///(app-pages-browser)/./node_modules/.pnpm/next@16.2.1_@babel+core@7.2_362c6897e98f78157a7f59905ed20b55/node_modules/next/dist/next-devtools/shared/forward-logs-shared.js:27
[  136441ms] [LOG] [Fast Refresh] done in 189ms @ webpack-internal:///(app-pages-browser)/./node_modules/.pnpm/next@16.2.1_@babel+core@7.2_362c6897e98f78157a7f59905ed20b55/node_modules/next/dist/next-devtools/shared/forward-logs-shared.js:27
[  136706ms] [LOG] [Fast Refresh] rebuilding @ webpack-internal:///(app-pages-browser)/./node_modules/.pnpm/next@16.2.1_@babel+core@7.2_362c6897e98f78157a7f59905ed20b55/node_modules/next/dist/next-devtools/shared/forward-logs-shared.js:27
[  136885ms] [LOG] [Fast Refresh] done in 180ms @ webpack-internal:///(app-pages-browser)/./node_modules/.pnpm/next@16.2.1_@babel+core@7.2_362c6897e98f78157a7f59905ed20b55/node_modules/next/dist/next-devtools/shared/forward-logs-shared.js:27
[  137124ms] [LOG] [Fast Refresh] rebuilding @ webpack-internal:///(app-pages-browser)/./node_modules/.pnpm/next@16.2.1_@babel+core@7.2_362c6897e98f78157a7f59905ed20b55/node_modules/next/dist/next-devtools/shared/forward-logs-shared.js:27
[  137332ms] [LOG] [Fast Refresh] done in 209ms @ webpack-internal:///(app-pages-browser)/./node_modules/.pnpm/next@16.2.1_@babel+core@7.2_362c6897e98f78157a7f59905ed20b55/node_modules/next/dist/next-devtools/shared/forward-logs-shared.js:27
[  137737ms] [LOG] [Fast Refresh] rebuilding @ webpack-internal:///(app-pages-browser)/./node_modules/.pnpm/next@16.2.1_@babel+core@7.2_362c6897e98f78157a7f59905ed20b55/node_modules/next/dist/next-devtools/shared/forward-logs-shared.js:27
[  137980ms] [LOG] [Fast Refresh] done in 244ms @ webpack-internal:///(app-pages-browser)/./node_modules/.pnpm/next@16.2.1_@babel+core@7.2_362c6897e98f78157a7f59905ed20b55/node_modules/next/dist/next-devtools/shared/forward-logs-shared.js:27
[  138216ms] [LOG] [Fast Refresh] rebuilding @ webpack-internal:///(app-pages-browser)/./node_modules/.pnpm/next@16.2.1_@babel+core@7.2_362c6897e98f78157a7f59905ed20b55/node_modules/next/dist/next-devtools/shared/forward-logs-shared.js:27
[  138411ms] [LOG] [Fast Refresh] done in 196ms @ webpack-internal:///(app-pages-browser)/./node_modules/.pnpm/next@16.2.1_@babel+core@7.2_362c6897e98f78157a7f59905ed20b55/node_modules/next/dist/next-devtools/shared/forward-logs-shared.js:27
[  138640ms] [LOG] [Fast Refresh] rebuilding @ webpack-internal:///(app-pages-browser)/./node_modules/.pnpm/next@16.2.1_@babel+core@7.2_362c6897e98f78157a7f59905ed20b55/node_modules/next/dist/next-devtools/shared/forward-logs-shared.js:27
[  138863ms] [LOG] [Fast Refresh] done in 223ms @ webpack-internal:///(app-pages-browser)/./node_modules/.pnpm/next@16.2.1_@babel+core@7.2_362c6897e98f78157a7f59905ed20b55/node_modules/next/dist/next-devtools/shared/forward-logs-shared.js:27
[  139161ms] [LOG] [Fast Refresh] rebuilding @ webpack-internal:///(app-pages-browser)/./node_modules/.pnpm/next@16.2.1_@babel+core@7.2_362c6897e98f78157a7f59905ed20b55/node_modules/next/dist/next-devtools/shared/forward-logs-shared.js:27
[  141643ms] [INFO] %cDownload the React DevTools for a better development experience: https://react.dev/link/react-devtools font-weight:bold @ webpack-internal:///(app-pages-browser)/./node_modules/.pnpm/next@16.2.1_@babel+core@7.2_362c6897e98f78157a7f59905ed20b55/node_modules/next/dist/next-devtools/shared/forward-logs-shared.js:27
[  141853ms] [LOG] [HMR] connected @ webpack-internal:///(app-pages-browser)/./node_modules/.pnpm/next@16.2.1_@babel+core@7.2_362c6897e98f78157a7f59905ed20b55/node_modules/next/dist/next-devtools/shared/forward-logs-shared.js:27
[  144284ms] [LOG] [Fast Refresh] rebuilding @ webpack-internal:///(app-pages-browser)/./node_modules/.pnpm/next@16.2.1_@babel+core@7.2_362c6897e98f78157a7f59905ed20b55/node_modules/next/dist/next-devtools/shared/forward-logs-shared.js:27
[  144715ms] [LOG] [Fast Refresh] done in 431ms @ webpack-internal:///(app-pages-browser)/./node_modules/.pnpm/next@16.2.1_@babel+core@7.2_362c6897e98f78157a7f59905ed20b55/node_modules/next/dist/next-devtools/shared/forward-logs-shared.js:27
[  144873ms] [LOG] [Fast Refresh] rebuilding @ webpack-internal:///(app-pages-browser)/./node_modules/.pnpm/next@16.2.1_@babel+core@7.2_362c6897e98f78157a7f59905ed20b55/node_modules/next/dist/next-devtools/shared/forward-logs-shared.js:27
[  145048ms] [LOG] [Fast Refresh] done in 175ms @ webpack-internal:///(app-pages-browser)/./node_modules/.pnpm/next@16.2.1_@babel+core@7.2_362c6897e98f78157a7f59905ed20b55/node_modules/next/dist/next-devtools/shared/forward-logs-shared.js:27
[  145284ms] [LOG] [Fast Refresh] rebuilding @ webpack-internal:///(app-pages-browser)/./node_modules/.pnpm/next@16.2.1_@babel+core@7.2_362c6897e98f78157a7f59905ed20b55/node_modules/next/dist/next-devtools/shared/forward-logs-shared.js:27
[  145460ms] [LOG] [Fast Refresh] done in 176ms @ webpack-internal:///(app-pages-browser)/./node_modules/.pnpm/next@16.2.1_@babel+core@7.2_362c6897e98f78157a7f59905ed20b55/node_modules/next/dist/next-devtools/shared/forward-logs-shared.js:27
[  145697ms] [LOG] [Fast Refresh] rebuilding @ webpack-internal:///(app-pages-browser)/./node_modules/.pnpm/next@16.2.1_@babel+core@7.2_362c6897e98f78157a7f59905ed20b55/node_modules/next/dist/next-devtools/shared/forward-logs-shared.js:27
[  145864ms] [LOG] [Fast Refresh] done in 167ms @ webpack-internal:///(app-pages-browser)/./node_modules/.pnpm/next@16.2.1_@babel+core@7.2_362c6897e98f78157a7f59905ed20b55/node_modules/next/dist/next-devtools/shared/forward-logs-shared.js:27
[  146093ms] [LOG] [Fast Refresh] rebuilding @ webpack-internal:///(app-pages-browser)/./node_modules/.pnpm/next@16.2.1_@babel+core@7.2_362c6897e98f78157a7f59905ed20b55/node_modules/next/dist/next-devtools/shared/forward-logs-shared.js:27
[  146242ms] [LOG] [Fast Refresh] done in 149ms @ webpack-internal:///(app-pages-browser)/./node_modules/.pnpm/next@16.2.1_@babel+core@7.2_362c6897e98f78157a7f59905ed20b55/node_modules/next/dist/next-devtools/shared/forward-logs-shared.js:27
[  146455ms] [LOG] [Fast Refresh] rebuilding @ webpack-internal:///(app-pages-browser)/./node_modules/.pnpm/next@16.2.1_@babel+core@7.2_362c6897e98f78157a7f59905ed20b55/node_modules/next/dist/next-devtools/shared/forward-logs-shared.js:27
[  146597ms] [LOG] [Fast Refresh] done in 141ms @ webpack-internal:///(app-pages-browser)/./node_modules/.pnpm/next@16.2.1_@babel+core@7.2_362c6897e98f78157a7f59905ed20b55/node_modules/next/dist/next-devtools/shared/forward-logs-shared.js:27
[  146783ms] [LOG] [Fast Refresh] rebuilding @ webpack-internal:///(app-pages-browser)/./node_modules/.pnpm/next@16.2.1_@babel+core@7.2_362c6897e98f78157a7f59905ed20b55/node_modules/next/dist/next-devtools/shared/forward-logs-shared.js:27
[  146914ms] [LOG] [Fast Refresh] done in 131ms @ webpack-internal:///(app-pages-browser)/./node_modules/.pnpm/next@16.2.1_@babel+core@7.2_362c6897e98f78157a7f59905ed20b55/node_modules/next/dist/next-devtools/shared/forward-logs-shared.js:27
[  147134ms] [LOG] [Fast Refresh] rebuilding @ webpack-internal:///(app-pages-browser)/./node_modules/.pnpm/next@16.2.1_@babel+core@7.2_362c6897e98f78157a7f59905ed20b55/node_modules/next/dist/next-devtools/shared/forward-logs-shared.js:27
[  147267ms] [LOG] [Fast Refresh] done in 132ms @ webpack-internal:///(app-pages-browser)/./node_modules/.pnpm/next@16.2.1_@babel+core@7.2_362c6897e98f78157a7f59905ed20b55/node_modules/next/dist/next-devtools/shared/forward-logs-shared.js:27
[  147517ms] [LOG] [Fast Refresh] rebuilding @ webpack-internal:///(app-pages-browser)/./node_modules/.pnpm/next@16.2.1_@babel+core@7.2_362c6897e98f78157a7f59905ed20b55/node_modules/next/dist/next-devtools/shared/forward-logs-shared.js:27
[  147862ms] [LOG] [Fast Refresh] done in 344ms @ webpack-internal:///(app-pages-browser)/./node_modules/.pnpm/next@16.2.1_@babel+core@7.2_362c6897e98f78157a7f59905ed20b55/node_modules/next/dist/next-devtools/shared/forward-logs-shared.js:27
[  148242ms] [LOG] [Fast Refresh] rebuilding @ webpack-internal:///(app-pages-browser)/./node_modules/.pnpm/next@16.2.1_@babel+core@7.2_362c6897e98f78157a7f59905ed20b55/node_modules/next/dist/next-devtools/shared/forward-logs-shared.js:27
[  148435ms] [LOG] [Fast Refresh] done in 193ms @ webpack-internal:///(app-pages-browser)/./node_modules/.pnpm/next@16.2.1_@babel+core@7.2_362c6897e98f78157a7f59905ed20b55/node_modules/next/dist/next-devtools/shared/forward-logs-shared.js:27
[  148725ms] [LOG] [Fast Refresh] rebuilding @ webpack-internal:///(app-pages-browser)/./node_modules/.pnpm/next@16.2.1_@babel+core@7.2_362c6897e98f78157a7f59905ed20b55/node_modules/next/dist/next-devtools/shared/forward-logs-shared.js:27
[  148976ms] [LOG] [Fast Refresh] done in 251ms @ webpack-internal:///(app-pages-browser)/./node_modules/.pnpm/next@16.2.1_@babel+core@7.2_362c6897e98f78157a7f59905ed20b55/node_modules/next/dist/next-devtools/shared/forward-logs-shared.js:27
[  149937ms] [LOG] [Fast Refresh] rebuilding @ webpack-internal:///(app-pages-browser)/./node_modules/.pnpm/next@16.2.1_@babel+core@7.2_362c6897e98f78157a7f59905ed20b55/node_modules/next/dist/next-devtools/shared/forward-logs-shared.js:27
[  150343ms] [LOG] [Fast Refresh] done in 405ms @ webpack-internal:///(app-pages-browser)/./node_modules/.pnpm/next@16.2.1_@babel+core@7.2_362c6897e98f78157a7f59905ed20b55/node_modules/next/dist/next-devtools/shared/forward-logs-shared.js:27
[  150350ms] [LOG] [Fast Refresh] rebuilding @ webpack-internal:///(app-pages-browser)/./node_modules/.pnpm/next@16.2.1_@babel+core@7.2_362c6897e98f78157a7f59905ed20b55/node_modules/next/dist/next-devtools/shared/forward-logs-shared.js:27
[  150717ms] [LOG] [Fast Refresh] done in 367ms @ webpack-internal:///(app-pages-browser)/./node_modules/.pnpm/next@16.2.1_@babel+core@7.2_362c6897e98f78157a7f59905ed20b55/node_modules/next/dist/next-devtools/shared/forward-logs-shared.js:27
[  150725ms] [LOG] [Fast Refresh] rebuilding @ webpack-internal:///(app-pages-browser)/./node_modules/.pnpm/next@16.2.1_@babel+core@7.2_362c6897e98f78157a7f59905ed20b55/node_modules/next/dist/next-devtools/shared/forward-logs-shared.js:27
[  151060ms] [LOG] [Fast Refresh] done in 334ms @ webpack-internal:///(app-pages-browser)/./node_modules/.pnpm/next@16.2.1_@babel+core@7.2_362c6897e98f78157a7f59905ed20b55/node_modules/next/dist/next-devtools/shared/forward-logs-shared.js:27
[  151071ms] [LOG] [Fast Refresh] rebuilding @ webpack-internal:///(app-pages-browser)/./node_modules/.pnpm/next@16.2.1_@babel+core@7.2_362c6897e98f78157a7f59905ed20b55/node_modules/next/dist/next-devtools/shared/forward-logs-shared.js:27
[  151519ms] [LOG] [Fast Refresh] done in 448ms @ webpack-internal:///(app-pages-browser)/./node_modules/.pnpm/next@16.2.1_@babel+core@7.2_362c6897e98f78157a7f59905ed20b55/node_modules/next/dist/next-devtools/shared/forward-logs-shared.js:27
[  151531ms] [LOG] [Fast Refresh] rebuilding @ webpack-internal:///(app-pages-browser)/./node_modules/.pnpm/next@16.2.1_@babel+core@7.2_362c6897e98f78157a7f59905ed20b55/node_modules/next/dist/next-devtools/shared/forward-logs-shared.js:27
[  152693ms] [ERROR] Failed to load resource: net::ERR_NETWORK_CHANGED @ http://localhost:3000/_next/static/chunks/app/setup/page.js:0
[  154578ms] [INFO] %cDownload the React DevTools for a better development experience: https://react.dev/link/react-devtools font-weight:bold @ webpack-internal:///(app-pages-browser)/./node_modules/.pnpm/next@16.2.1_@babel+core@7.2_362c6897e98f78157a7f59905ed20b55/node_modules/next/dist/next-devtools/shared/forward-logs-shared.js:27
[  154874ms] [LOG] [HMR] connected @ webpack-internal:///(app-pages-browser)/./node_modules/.pnpm/next@16.2.1_@babel+core@7.2_362c6897e98f78157a7f59905ed20b55/node_modules/next/dist/next-devtools/shared/forward-logs-shared.js:27
[  159358ms] [ERROR] Can't perform a React state update on a component that hasn't mounted yet. This indicates that you have a side-effect in your render function that asynchronously tries to update the component. Move this work to useEffect instead. @ webpack-internal:///(app-pages-browser)/./node_modules/.pnpm/next@16.2.1_@babel+core@7.2_362c6897e98f78157a7f59905ed20b55/node_modules/next/dist/next-devtools/userspace/app/errors/intercept-console-error.js:57
[  159378ms] [LOG] [Fast Refresh] rebuilding @ webpack-internal:///(app-pages-browser)/./node_modules/.pnpm/next@16.2.1_@babel+core@7.2_362c6897e98f78157a7f59905ed20b55/node_modules/next/dist/next-devtools/shared/forward-logs-shared.js:27
[  160418ms] [LOG] [Fast Refresh] done in 1039ms @ webpack-internal:///(app-pages-browser)/./node_modules/.pnpm/next@16.2.1_@babel+core@7.2_362c6897e98f78157a7f59905ed20b55/node_modules/next/dist/next-devtools/shared/forward-logs-shared.js:27
[  160521ms] [LOG] [Fast Refresh] rebuilding @ webpack-internal:///(app-pages-browser)/./node_modules/.pnpm/next@16.2.1_@babel+core@7.2_362c6897e98f78157a7f59905ed20b55/node_modules/next/dist/next-devtools/shared/forward-logs-shared.js:27
[  160855ms] [LOG] [Fast Refresh] done in 334ms @ webpack-internal:///(app-pages-browser)/./node_modules/.pnpm/next@16.2.1_@babel+core@7.2_362c6897e98f78157a7f59905ed20b55/node_modules/next/dist/next-devtools/shared/forward-logs-shared.js:27
[  161502ms] [LOG] [Fast Refresh] rebuilding @ webpack-internal:///(app-pages-browser)/./node_modules/.pnpm/next@16.2.1_@babel+core@7.2_362c6897e98f78157a7f59905ed20b55/node_modules/next/dist/next-devtools/shared/forward-logs-shared.js:27
[  161867ms] [LOG] [Fast Refresh] done in 364ms @ webpack-internal:///(app-pages-browser)/./node_modules/.pnpm/next@16.2.1_@babel+core@7.2_362c6897e98f78157a7f59905ed20b55/node_modules/next/dist/next-devtools/shared/forward-logs-shared.js:27
[  162569ms] [LOG] [Fast Refresh] rebuilding @ webpack-internal:///(app-pages-browser)/./node_modules/.pnpm/next@16.2.1_@babel+core@7.2_362c6897e98f78157a7f59905ed20b55/node_modules/next/dist/next-devtools/shared/forward-logs-shared.js:27
[  162891ms] [LOG] [Fast Refresh] done in 321ms @ webpack-internal:///(app-pages-browser)/./node_modules/.pnpm/next@16.2.1_@babel+core@7.2_362c6897e98f78157a7f59905ed20b55/node_modules/next/dist/next-devtools/shared/forward-logs-shared.js:27
[  163453ms] [LOG] [Fast Refresh] rebuilding @ webpack-internal:///(app-pages-browser)/./node_modules/.pnpm/next@16.2.1_@babel+core@7.2_362c6897e98f78157a7f59905ed20b55/node_modules/next/dist/next-devtools/shared/forward-logs-shared.js:27
[  164182ms] [LOG] [Fast Refresh] done in 730ms @ webpack-internal:///(app-pages-browser)/./node_modules/.pnpm/next@16.2.1_@babel+core@7.2_362c6897e98f78157a7f59905ed20b55/node_modules/next/dist/next-devtools/shared/forward-logs-shared.js:27
[  164822ms] [LOG] [Fast Refresh] rebuilding @ webpack-internal:///(app-pages-browser)/./node_modules/.pnpm/next@16.2.1_@babel+core@7.2_362c6897e98f78157a7f59905ed20b55/node_modules/next/dist/next-devtools/shared/forward-logs-shared.js:27
[  165229ms] [LOG] [Fast Refresh] done in 407ms @ webpack-internal:///(app-pages-browser)/./node_modules/.pnpm/next@16.2.1_@babel+core@7.2_362c6897e98f78157a7f59905ed20b55/node_modules/next/dist/next-devtools/shared/forward-logs-shared.js:27
[  165762ms] [LOG] [Fast Refresh] rebuilding @ webpack-internal:///(app-pages-browser)/./node_modules/.pnpm/next@16.2.1_@babel+core@7.2_362c6897e98f78157a7f59905ed20b55/node_modules/next/dist/next-devtools/shared/forward-logs-shared.js:27
[  166047ms] [LOG] [Fast Refresh] done in 286ms @ webpack-internal:///(app-pages-browser)/./node_modules/.pnpm/next@16.2.1_@babel+core@7.2_362c6897e98f78157a7f59905ed20b55/node_modules/next/dist/next-devtools/shared/forward-logs-shared.js:27
[  166369ms] [LOG] [Fast Refresh] rebuilding @ webpack-internal:///(app-pages-browser)/./node_modules/.pnpm/next@16.2.1_@babel+core@7.2_362c6897e98f78157a7f59905ed20b55/node_modules/next/dist/next-devtools/shared/forward-logs-shared.js:27
[  166589ms] [LOG] [Fast Refresh] done in 219ms @ webpack-internal:///(app-pages-browser)/./node_modules/.pnpm/next@16.2.1_@babel+core@7.2_362c6897e98f78157a7f59905ed20b55/node_modules/next/dist/next-devtools/shared/forward-logs-shared.js:27
[  167006ms] [LOG] [Fast Refresh] rebuilding @ webpack-internal:///(app-pages-browser)/./node_modules/.pnpm/next@16.2.1_@babel+core@7.2_362c6897e98f78157a7f59905ed20b55/node_modules/next/dist/next-devtools/shared/forward-logs-shared.js:27
[  167308ms] [LOG] [Fast Refresh] done in 303ms @ webpack-internal:///(app-pages-browser)/./node_modules/.pnpm/next@16.2.1_@babel+core@7.2_362c6897e98f78157a7f59905ed20b55/node_modules/next/dist/next-devtools/shared/forward-logs-shared.js:27
[  167741ms] [LOG] [Fast Refresh] rebuilding @ webpack-internal:///(app-pages-browser)/./node_modules/.pnpm/next@16.2.1_@babel+core@7.2_362c6897e98f78157a7f59905ed20b55/node_modules/next/dist/next-devtools/shared/forward-logs-shared.js:27
[  168152ms] [LOG] [Fast Refresh] done in 411ms @ webpack-internal:///(app-pages-browser)/./node_modules/.pnpm/next@16.2.1_@babel+core@7.2_362c6897e98f78157a7f59905ed20b55/node_modules/next/dist/next-devtools/shared/forward-logs-shared.js:27
[  168780ms] [LOG] [Fast Refresh] rebuilding @ webpack-internal:///(app-pages-browser)/./node_modules/.pnpm/next@16.2.1_@babel+core@7.2_362c6897e98f78157a7f59905ed20b55/node_modules/next/dist/next-devtools/shared/forward-logs-shared.js:27
[  169151ms] [LOG] [Fast Refresh] done in 371ms @ webpack-internal:///(app-pages-browser)/./node_modules/.pnpm/next@16.2.1_@babel+core@7.2_362c6897e98f78157a7f59905ed20b55/node_modules/next/dist/next-devtools/shared/forward-logs-shared.js:27
[  169620ms] [LOG] [Fast Refresh] rebuilding @ webpack-internal:///(app-pages-browser)/./node_modules/.pnpm/next@16.2.1_@babel+core@7.2_362c6897e98f78157a7f59905ed20b55/node_modules/next/dist/next-devtools/shared/forward-logs-shared.js:27
[  172207ms] [INFO] %cDownload the React DevTools for a better development experience: https://react.dev/link/react-devtools font-weight:bold @ webpack-internal:///(app-pages-browser)/./node_modules/.pnpm/next@16.2.1_@babel+core@7.2_362c6897e98f78157a7f59905ed20b55/node_modules/next/dist/next-devtools/shared/forward-logs-shared.js:27
[  172411ms] [LOG] [HMR] connected @ webpack-internal:///(app-pages-browser)/./node_modules/.pnpm/next@16.2.1_@babel+core@7.2_362c6897e98f78157a7f59905ed20b55/node_modules/next/dist/next-devtools/shared/forward-logs-shared.js:27
[  173677ms] [LOG] [Fast Refresh] rebuilding @ webpack-internal:///(app-pages-browser)/./node_modules/.pnpm/next@16.2.1_@babel+core@7.2_362c6897e98f78157a7f59905ed20b55/node_modules/next/dist/next-devtools/shared/forward-logs-shared.js:27
[  174632ms] [LOG] [Fast Refresh] done in 955ms @ webpack-internal:///(app-pages-browser)/./node_modules/.pnpm/next@16.2.1_@babel+core@7.2_362c6897e98f78157a7f59905ed20b55/node_modules/next/dist/next-devtools/shared/forward-logs-shared.js:27
[  174638ms] [LOG] [Fast Refresh] rebuilding @ webpack-internal:///(app-pages-browser)/./node_modules/.pnpm/next@16.2.1_@babel+core@7.2_362c6897e98f78157a7f59905ed20b55/node_modules/next/dist/next-devtools/shared/forward-logs-shared.js:27
[  174851ms] [LOG] [Fast Refresh] done in 213ms @ webpack-internal:///(app-pages-browser)/./node_modules/.pnpm/next@16.2.1_@babel+core@7.2_362c6897e98f78157a7f59905ed20b55/node_modules/next/dist/next-devtools/shared/forward-logs-shared.js:27
[  175285ms] [LOG] [Fast Refresh] rebuilding @ webpack-internal:///(app-pages-browser)/./node_modules/.pnpm/next@16.2.1_@babel+core@7.2_362c6897e98f78157a7f59905ed20b55/node_modules/next/dist/next-devtools/shared/forward-logs-shared.js:27
[  176398ms] [LOG] [Fast Refresh] done in 1112ms @ webpack-internal:///(app-pages-browser)/./node_modules/.pnpm/next@16.2.1_@babel+core@7.2_362c6897e98f78157a7f59905ed20b55/node_modules/next/dist/next-devtools/shared/forward-logs-shared.js:27
[  176838ms] [LOG] [Fast Refresh] rebuilding @ webpack-internal:///(app-pages-browser)/./node_modules/.pnpm/next@16.2.1_@babel+core@7.2_362c6897e98f78157a7f59905ed20b55/node_modules/next/dist/next-devtools/shared/forward-logs-shared.js:27
[  177017ms] [LOG] [Fast Refresh] done in 179ms @ webpack-internal:///(app-pages-browser)/./node_modules/.pnpm/next@16.2.1_@babel+core@7.2_362c6897e98f78157a7f59905ed20b55/node_modules/next/dist/next-devtools/shared/forward-logs-shared.js:27
[  177344ms] [LOG] [Fast Refresh] rebuilding @ webpack-internal:///(app-pages-browser)/./node_modules/.pnpm/next@16.2.1_@babel+core@7.2_362c6897e98f78157a7f59905ed20b55/node_modules/next/dist/next-devtools/shared/forward-logs-shared.js:27
[  177593ms] [LOG] [Fast Refresh] done in 248ms @ webpack-internal:///(app-pages-browser)/./node_modules/.pnpm/next@16.2.1_@babel+core@7.2_362c6897e98f78157a7f59905ed20b55/node_modules/next/dist/next-devtools/shared/forward-logs-shared.js:27
[  178015ms] [LOG] [Fast Refresh] rebuilding @ webpack-internal:///(app-pages-browser)/./node_modules/.pnpm/next@16.2.1_@babel+core@7.2_362c6897e98f78157a7f59905ed20b55/node_modules/next/dist/next-devtools/shared/forward-logs-shared.js:27
[  178213ms] [LOG] [Fast Refresh] done in 199ms @ webpack-internal:///(app-pages-browser)/./node_modules/.pnpm/next@16.2.1_@babel+core@7.2_362c6897e98f78157a7f59905ed20b55/node_modules/next/dist/next-devtools/shared/forward-logs-shared.js:27
[  178520ms] [LOG] [Fast Refresh] rebuilding @ webpack-internal:///(app-pages-browser)/./node_modules/.pnpm/next@16.2.1_@babel+core@7.2_362c6897e98f78157a7f59905ed20b55/node_modules/next/dist/next-devtools/shared/forward-logs-shared.js:27
[  178690ms] [LOG] [Fast Refresh] done in 170ms @ webpack-internal:///(app-pages-browser)/./node_modules/.pnpm/next@16.2.1_@babel+core@7.2_362c6897e98f78157a7f59905ed20b55/node_modules/next/dist/next-devtools/shared/forward-logs-shared.js:27
[  178920ms] [LOG] [Fast Refresh] rebuilding @ webpack-internal:///(app-pages-browser)/./node_modules/.pnpm/next@16.2.1_@babel+core@7.2_362c6897e98f78157a7f59905ed20b55/node_modules/next/dist/next-devtools/shared/forward-logs-shared.js:27
[  179111ms] [LOG] [Fast Refresh] done in 190ms @ webpack-internal:///(app-pages-browser)/./node_modules/.pnpm/next@16.2.1_@babel+core@7.2_362c6897e98f78157a7f59905ed20b55/node_modules/next/dist/next-devtools/shared/forward-logs-shared.js:27
[  179397ms] [LOG] [Fast Refresh] rebuilding @ webpack-internal:///(app-pages-browser)/./node_modules/.pnpm/next@16.2.1_@babel+core@7.2_362c6897e98f78157a7f59905ed20b55/node_modules/next/dist/next-devtools/shared/forward-logs-shared.js:27
[  179554ms] [LOG] [Fast Refresh] done in 157ms @ webpack-internal:///(app-pages-browser)/./node_modules/.pnpm/next@16.2.1_@babel+core@7.2_362c6897e98f78157a7f59905ed20b55/node_modules/next/dist/next-devtools/shared/forward-logs-shared.js:27
[  179803ms] [LOG] [Fast Refresh] rebuilding @ webpack-internal:///(app-pages-browser)/./node_modules/.pnpm/next@16.2.1_@babel+core@7.2_362c6897e98f78157a7f59905ed20b55/node_modules/next/dist/next-devtools/shared/forward-logs-shared.js:27
[  179999ms] [LOG] [Fast Refresh] done in 195ms @ webpack-internal:///(app-pages-browser)/./node_modules/.pnpm/next@16.2.1_@babel+core@7.2_362c6897e98f78157a7f59905ed20b55/node_modules/next/dist/next-devtools/shared/forward-logs-shared.js:27
[  180273ms] [LOG] [Fast Refresh] rebuilding @ webpack-internal:///(app-pages-browser)/./node_modules/.pnpm/next@16.2.1_@babel+core@7.2_362c6897e98f78157a7f59905ed20b55/node_modules/next/dist/next-devtools/shared/forward-logs-shared.js:27
[  180469ms] [LOG] [Fast Refresh] done in 195ms @ webpack-internal:///(app-pages-browser)/./node_modules/.pnpm/next@16.2.1_@babel+core@7.2_362c6897e98f78157a7f59905ed20b55/node_modules/next/dist/next-devtools/shared/forward-logs-shared.js:27
[  180740ms] [LOG] [Fast Refresh] rebuilding @ webpack-internal:///(app-pages-browser)/./node_modules/.pnpm/next@16.2.1_@babel+core@7.2_362c6897e98f78157a7f59905ed20b55/node_modules/next/dist/next-devtools/shared/forward-logs-shared.js:27
[  181000ms] [LOG] [Fast Refresh] done in 259ms @ webpack-internal:///(app-pages-browser)/./node_modules/.pnpm/next@16.2.1_@babel+core@7.2_362c6897e98f78157a7f59905ed20b55/node_modules/next/dist/next-devtools/shared/forward-logs-shared.js:27
[  183078ms] [INFO] %cDownload the React DevTools for a better development experience: https://react.dev/link/react-devtools font-weight:bold @ webpack-internal:///(app-pages-browser)/./node_modules/.pnpm/next@16.2.1_@babel+core@7.2_362c6897e98f78157a7f59905ed20b55/node_modules/next/dist/next-devtools/shared/forward-logs-shared.js:27
[  183226ms] [LOG] [HMR] connected @ webpack-internal:///(app-pages-browser)/./node_modules/.pnpm/next@16.2.1_@babel+core@7.2_362c6897e98f78157a7f59905ed20b55/node_modules/next/dist/next-devtools/shared/forward-logs-shared.js:27
[  186546ms] [LOG] [Fast Refresh] rebuilding @ webpack-internal:///(app-pages-browser)/./node_modules/.pnpm/next@16.2.1_@babel+core@7.2_362c6897e98f78157a7f59905ed20b55/node_modules/next/dist/next-devtools/shared/forward-logs-shared.js:27
[  186699ms] [LOG] [Fast Refresh] done in 154ms @ webpack-internal:///(app-pages-browser)/./node_modules/.pnpm/next@16.2.1_@babel+core@7.2_362c6897e98f78157a7f59905ed20b55/node_modules/next/dist/next-devtools/shared/forward-logs-shared.js:27
[  188217ms] [LOG] [Fast Refresh] rebuilding @ webpack-internal:///(app-pages-browser)/./node_modules/.pnpm/next@16.2.1_@babel+core@7.2_362c6897e98f78157a7f59905ed20b55/node_modules/next/dist/next-devtools/shared/forward-logs-shared.js:27
[  189998ms] [LOG] [Fast Refresh] rebuilding @ webpack-internal:///(app-pages-browser)/./node_modules/.pnpm/next@16.2.1_@babel+core@7.2_362c6897e98f78157a7f59905ed20b55/node_modules/next/dist/next-devtools/shared/forward-logs-shared.js:27
[  190749ms] [LOG] [Fast Refresh] done in 751ms @ webpack-internal:///(app-pages-browser)/./node_modules/.pnpm/next@16.2.1_@babel+core@7.2_362c6897e98f78157a7f59905ed20b55/node_modules/next/dist/next-devtools/shared/forward-logs-shared.js:27
[  190890ms] [LOG] [Fast Refresh] done in 891ms @ webpack-internal:///(app-pages-browser)/./node_modules/.pnpm/next@16.2.1_@babel+core@7.2_362c6897e98f78157a7f59905ed20b55/node_modules/next/dist/next-devtools/shared/forward-logs-shared.js:27
[  191120ms] [LOG] [Fast Refresh] rebuilding @ webpack-internal:///(app-pages-browser)/./node_modules/.pnpm/next@16.2.1_@babel+core@7.2_362c6897e98f78157a7f59905ed20b55/node_modules/next/dist/next-devtools/shared/forward-logs-shared.js:27
[  191960ms] [LOG] [Fast Refresh] done in 840ms @ webpack-internal:///(app-pages-browser)/./node_modules/.pnpm/next@16.2.1_@babel+core@7.2_362c6897e98f78157a7f59905ed20b55/node_modules/next/dist/next-devtools/shared/forward-logs-shared.js:27
[  191979ms] [LOG] [Fast Refresh] rebuilding @ webpack-internal:///(app-pages-browser)/./node_modules/.pnpm/next@16.2.1_@babel+core@7.2_362c6897e98f78157a7f59905ed20b55/node_modules/next/dist/next-devtools/shared/forward-logs-shared.js:27
[  192200ms] [LOG] [Fast Refresh] done in 221ms @ webpack-internal:///(app-pages-browser)/./node_modules/.pnpm/next@16.2.1_@babel+core@7.2_362c6897e98f78157a7f59905ed20b55/node_modules/next/dist/next-devtools/shared/forward-logs-shared.js:27
[  193136ms] [LOG] [Fast Refresh] done in 1157ms @ webpack-internal:///(app-pages-browser)/./node_modules/.pnpm/next@16.2.1_@babel+core@7.2_362c6897e98f78157a7f59905ed20b55/node_modules/next/dist/next-devtools/shared/forward-logs-shared.js:27
[  193147ms] [LOG] [Fast Refresh] rebuilding @ webpack-internal:///(app-pages-browser)/./node_modules/.pnpm/next@16.2.1_@babel+core@7.2_362c6897e98f78157a7f59905ed20b55/node_modules/next/dist/next-devtools/shared/forward-logs-shared.js:27
[  193505ms] [LOG] [Fast Refresh] done in 359ms @ webpack-internal:///(app-pages-browser)/./node_modules/.pnpm/next@16.2.1_@babel+core@7.2_362c6897e98f78157a7f59905ed20b55/node_modules/next/dist/next-devtools/shared/forward-logs-shared.js:27
[  193523ms] [LOG] [Fast Refresh] rebuilding @ webpack-internal:///(app-pages-browser)/./node_modules/.pnpm/next@16.2.1_@babel+core@7.2_362c6897e98f78157a7f59905ed20b55/node_modules/next/dist/next-devtools/shared/forward-logs-shared.js:27
[  193775ms] [LOG] [Fast Refresh] rebuilding @ webpack-internal:///(app-pages-browser)/./node_modules/.pnpm/next@16.2.1_@babel+core@7.2_362c6897e98f78157a7f59905ed20b55/node_modules/next/dist/next-devtools/shared/forward-logs-shared.js:27
[  193967ms] [LOG] [Fast Refresh] done in 192ms @ webpack-internal:///(app-pages-browser)/./node_modules/.pnpm/next@16.2.1_@babel+core@7.2_362c6897e98f78157a7f59905ed20b55/node_modules/next/dist/next-devtools/shared/forward-logs-shared.js:27
[  196109ms] [INFO] %cDownload the React DevTools for a better development experience: https://react.dev/link/react-devtools font-weight:bold @ webpack-internal:///(app-pages-browser)/./node_modules/.pnpm/next@16.2.1_@babel+core@7.2_362c6897e98f78157a7f59905ed20b55/node_modules/next/dist/next-devtools/shared/forward-logs-shared.js:27
[  196207ms] [LOG] [HMR] connected @ webpack-internal:///(app-pages-browser)/./node_modules/.pnpm/next@16.2.1_@babel+core@7.2_362c6897e98f78157a7f59905ed20b55/node_modules/next/dist/next-devtools/shared/forward-logs-shared.js:27
[  196458ms] [LOG] [Fast Refresh] rebuilding @ webpack-internal:///(app-pages-browser)/./node_modules/.pnpm/next@16.2.1_@babel+core@7.2_362c6897e98f78157a7f59905ed20b55/node_modules/next/dist/next-devtools/shared/forward-logs-shared.js:27
[  196815ms] [LOG] [Fast Refresh] done in 357ms @ webpack-internal:///(app-pages-browser)/./node_modules/.pnpm/next@16.2.1_@babel+core@7.2_362c6897e98f78157a7f59905ed20b55/node_modules/next/dist/next-devtools/shared/forward-logs-shared.js:27
[  196844ms] [LOG] [Fast Refresh] rebuilding @ webpack-internal:///(app-pages-browser)/./node_modules/.pnpm/next@16.2.1_@babel+core@7.2_362c6897e98f78157a7f59905ed20b55/node_modules/next/dist/next-devtools/shared/forward-logs-shared.js:27
[  196984ms] [LOG] [Fast Refresh] done in 139ms @ webpack-internal:///(app-pages-browser)/./node_modules/.pnpm/next@16.2.1_@babel+core@7.2_362c6897e98f78157a7f59905ed20b55/node_modules/next/dist/next-devtools/shared/forward-logs-shared.js:27
[  197203ms] [LOG] [Fast Refresh] rebuilding @ webpack-internal:///(app-pages-browser)/./node_modules/.pnpm/next@16.2.1_@babel+core@7.2_362c6897e98f78157a7f59905ed20b55/node_modules/next/dist/next-devtools/shared/forward-logs-shared.js:27
[  197342ms] [LOG] [Fast Refresh] done in 140ms @ webpack-internal:///(app-pages-browser)/./node_modules/.pnpm/next@16.2.1_@babel+core@7.2_362c6897e98f78157a7f59905ed20b55/node_modules/next/dist/next-devtools/shared/forward-logs-shared.js:27
[  197560ms] [LOG] [Fast Refresh] rebuilding @ webpack-internal:///(app-pages-browser)/./node_modules/.pnpm/next@16.2.1_@babel+core@7.2_362c6897e98f78157a7f59905ed20b55/node_modules/next/dist/next-devtools/shared/forward-logs-shared.js:27
[  197717ms] [LOG] [Fast Refresh] done in 156ms @ webpack-internal:///(app-pages-browser)/./node_modules/.pnpm/next@16.2.1_@babel+core@7.2_362c6897e98f78157a7f59905ed20b55/node_modules/next/dist/next-devtools/shared/forward-logs-shared.js:27
[  197953ms] [LOG] [Fast Refresh] rebuilding @ webpack-internal:///(app-pages-browser)/./node_modules/.pnpm/next@16.2.1_@babel+core@7.2_362c6897e98f78157a7f59905ed20b55/node_modules/next/dist/next-devtools/shared/forward-logs-shared.js:27
[  198116ms] [LOG] [Fast Refresh] done in 162ms @ webpack-internal:///(app-pages-browser)/./node_modules/.pnpm/next@16.2.1_@babel+core@7.2_362c6897e98f78157a7f59905ed20b55/node_modules/next/dist/next-devtools/shared/forward-logs-shared.js:27
[  198335ms] [LOG] [Fast Refresh] rebuilding @ webpack-internal:///(app-pages-browser)/./node_modules/.pnpm/next@16.2.1_@babel+core@7.2_362c6897e98f78157a7f59905ed20b55/node_modules/next/dist/next-devtools/shared/forward-logs-shared.js:27
[  198469ms] [LOG] [Fast Refresh] done in 134ms @ webpack-internal:///(app-pages-browser)/./node_modules/.pnpm/next@16.2.1_@babel+core@7.2_362c6897e98f78157a7f59905ed20b55/node_modules/next/dist/next-devtools/shared/forward-logs-shared.js:27
[  198679ms] [LOG] [Fast Refresh] rebuilding @ webpack-internal:///(app-pages-browser)/./node_modules/.pnpm/next@16.2.1_@babel+core@7.2_362c6897e98f78157a7f59905ed20b55/node_modules/next/dist/next-devtools/shared/forward-logs-shared.js:27
[  198831ms] [LOG] [Fast Refresh] done in 153ms @ webpack-internal:///(app-pages-browser)/./node_modules/.pnpm/next@16.2.1_@babel+core@7.2_362c6897e98f78157a7f59905ed20b55/node_modules/next/dist/next-devtools/shared/forward-logs-shared.js:27
[  199006ms] [LOG] [Fast Refresh] rebuilding @ webpack-internal:///(app-pages-browser)/./node_modules/.pnpm/next@16.2.1_@babel+core@7.2_362c6897e98f78157a7f59905ed20b55/node_modules/next/dist/next-devtools/shared/forward-logs-shared.js:27
[  199142ms] [LOG] [Fast Refresh] done in 135ms @ webpack-internal:///(app-pages-browser)/./node_modules/.pnpm/next@16.2.1_@babel+core@7.2_362c6897e98f78157a7f59905ed20b55/node_modules/next/dist/next-devtools/shared/forward-logs-shared.js:27
[  199318ms] [LOG] [Fast Refresh] rebuilding @ webpack-internal:///(app-pages-browser)/./node_modules/.pnpm/next@16.2.1_@babel+core@7.2_362c6897e98f78157a7f59905ed20b55/node_modules/next/dist/next-devtools/shared/forward-logs-shared.js:27
[  199435ms] [LOG] [Fast Refresh] done in 117ms @ webpack-internal:///(app-pages-browser)/./node_modules/.pnpm/next@16.2.1_@babel+core@7.2_362c6897e98f78157a7f59905ed20b55/node_modules/next/dist/next-devtools/shared/forward-logs-shared.js:27
[  199631ms] [LOG] [Fast Refresh] rebuilding @ webpack-internal:///(app-pages-browser)/./node_modules/.pnpm/next@16.2.1_@babel+core@7.2_362c6897e98f78157a7f59905ed20b55/node_modules/next/dist/next-devtools/shared/forward-logs-shared.js:27
[  199778ms] [LOG] [Fast Refresh] done in 147ms @ webpack-internal:///(app-pages-browser)/./node_modules/.pnpm/next@16.2.1_@babel+core@7.2_362c6897e98f78157a7f59905ed20b55/node_modules/next/dist/next-devtools/shared/forward-logs-shared.js:27
[  199972ms] [LOG] [Fast Refresh] rebuilding @ webpack-internal:///(app-pages-browser)/./node_modules/.pnpm/next@16.2.1_@babel+core@7.2_362c6897e98f78157a7f59905ed20b55/node_modules/next/dist/next-devtools/shared/forward-logs-shared.js:27
[  200131ms] [LOG] [Fast Refresh] done in 158ms @ webpack-internal:///(app-pages-browser)/./node_modules/.pnpm/next@16.2.1_@babel+core@7.2_362c6897e98f78157a7f59905ed20b55/node_modules/next/dist/next-devtools/shared/forward-logs-shared.js:27
[  200366ms] [LOG] [Fast Refresh] rebuilding @ webpack-internal:///(app-pages-browser)/./node_modules/.pnpm/next@16.2.1_@babel+core@7.2_362c6897e98f78157a7f59905ed20b55/node_modules/next/dist/next-devtools/shared/forward-logs-shared.js:27
[  200511ms] [LOG] [Fast Refresh] done in 144ms @ webpack-internal:///(app-pages-browser)/./node_modules/.pnpm/next@16.2.1_@babel+core@7.2_362c6897e98f78157a7f59905ed20b55/node_modules/next/dist/next-devtools/shared/forward-logs-shared.js:27
[  200753ms] [LOG] [Fast Refresh] rebuilding @ webpack-internal:///(app-pages-browser)/./node_modules/.pnpm/next@16.2.1_@babel+core@7.2_362c6897e98f78157a7f59905ed20b55/node_modules/next/dist/next-devtools/shared/forward-logs-shared.js:27
[  200899ms] [LOG] [Fast Refresh] done in 146ms @ webpack-internal:///(app-pages-browser)/./node_modules/.pnpm/next@16.2.1_@babel+core@7.2_362c6897e98f78157a7f59905ed20b55/node_modules/next/dist/next-devtools/shared/forward-logs-shared.js:27
[  201082ms] [LOG] [Fast Refresh] rebuilding @ webpack-internal:///(app-pages-browser)/./node_modules/.pnpm/next@16.2.1_@babel+core@7.2_362c6897e98f78157a7f59905ed20b55/node_modules/next/dist/next-devtools/shared/forward-logs-shared.js:27
[  201267ms] [LOG] [Fast Refresh] done in 184ms @ webpack-internal:///(app-pages-browser)/./node_modules/.pnpm/next@16.2.1_@babel+core@7.2_362c6897e98f78157a7f59905ed20b55/node_modules/next/dist/next-devtools/shared/forward-logs-shared.js:27
[  201489ms] [LOG] [Fast Refresh] rebuilding @ webpack-internal:///(app-pages-browser)/./node_modules/.pnpm/next@16.2.1_@babel+core@7.2_362c6897e98f78157a7f59905ed20b55/node_modules/next/dist/next-devtools/shared/forward-logs-shared.js:27
[  201644ms] [LOG] [Fast Refresh] done in 154ms @ webpack-internal:///(app-pages-browser)/./node_modules/.pnpm/next@16.2.1_@babel+core@7.2_362c6897e98f78157a7f59905ed20b55/node_modules/next/dist/next-devtools/shared/forward-logs-shared.js:27
[  201888ms] [LOG] [Fast Refresh] rebuilding @ webpack-internal:///(app-pages-browser)/./node_modules/.pnpm/next@16.2.1_@babel+core@7.2_362c6897e98f78157a7f59905ed20b55/node_modules/next/dist/next-devtools/shared/forward-logs-shared.js:27
[  202038ms] [LOG] [Fast Refresh] done in 151ms @ webpack-internal:///(app-pages-browser)/./node_modules/.pnpm/next@16.2.1_@babel+core@7.2_362c6897e98f78157a7f59905ed20b55/node_modules/next/dist/next-devtools/shared/forward-logs-shared.js:27
[  202224ms] [LOG] [Fast Refresh] rebuilding @ webpack-internal:///(app-pages-browser)/./node_modules/.pnpm/next@16.2.1_@babel+core@7.2_362c6897e98f78157a7f59905ed20b55/node_modules/next/dist/next-devtools/shared/forward-logs-shared.js:27
[  202352ms] [LOG] [Fast Refresh] done in 128ms @ webpack-internal:///(app-pages-browser)/./node_modules/.pnpm/next@16.2.1_@babel+core@7.2_362c6897e98f78157a7f59905ed20b55/node_modules/next/dist/next-devtools/shared/forward-logs-shared.js:27
[  202539ms] [LOG] [Fast Refresh] rebuilding @ webpack-internal:///(app-pages-browser)/./node_modules/.pnpm/next@16.2.1_@babel+core@7.2_362c6897e98f78157a7f59905ed20b55/node_modules/next/dist/next-devtools/shared/forward-logs-shared.js:27
[  202700ms] [LOG] [Fast Refresh] done in 160ms @ webpack-internal:///(app-pages-browser)/./node_modules/.pnpm/next@16.2.1_@babel+core@7.2_362c6897e98f78157a7f59905ed20b55/node_modules/next/dist/next-devtools/shared/forward-logs-shared.js:27
[  202901ms] [LOG] [Fast Refresh] rebuilding @ webpack-internal:///(app-pages-browser)/./node_modules/.pnpm/next@16.2.1_@babel+core@7.2_362c6897e98f78157a7f59905ed20b55/node_modules/next/dist/next-devtools/shared/forward-logs-shared.js:27
[  203053ms] [LOG] [Fast Refresh] done in 153ms @ webpack-internal:///(app-pages-browser)/./node_modules/.pnpm/next@16.2.1_@babel+core@7.2_362c6897e98f78157a7f59905ed20b55/node_modules/next/dist/next-devtools/shared/forward-logs-shared.js:27
[  203303ms] [LOG] [Fast Refresh] rebuilding @ webpack-internal:///(app-pages-browser)/./node_modules/.pnpm/next@16.2.1_@babel+core@7.2_362c6897e98f78157a7f59905ed20b55/node_modules/next/dist/next-devtools/shared/forward-logs-shared.js:27
[  203469ms] [LOG] [Fast Refresh] done in 167ms @ webpack-internal:///(app-pages-browser)/./node_modules/.pnpm/next@16.2.1_@babel+core@7.2_362c6897e98f78157a7f59905ed20b55/node_modules/next/dist/next-devtools/shared/forward-logs-shared.js:27
[  203734ms] [LOG] [Fast Refresh] rebuilding @ webpack-internal:///(app-pages-browser)/./node_modules/.pnpm/next@16.2.1_@babel+core@7.2_362c6897e98f78157a7f59905ed20b55/node_modules/next/dist/next-devtools/shared/forward-logs-shared.js:27
[  203850ms] [LOG] [Fast Refresh] done in 117ms @ webpack-internal:///(app-pages-browser)/./node_modules/.pnpm/next@16.2.1_@babel+core@7.2_362c6897e98f78157a7f59905ed20b55/node_modules/next/dist/next-devtools/shared/forward-logs-shared.js:27
[  204032ms] [LOG] [Fast Refresh] rebuilding @ webpack-internal:///(app-pages-browser)/./node_modules/.pnpm/next@16.2.1_@babel+core@7.2_362c6897e98f78157a7f59905ed20b55/node_modules/next/dist/next-devtools/shared/forward-logs-shared.js:27
[  204155ms] [LOG] [Fast Refresh] done in 124ms @ webpack-internal:///(app-pages-browser)/./node_modules/.pnpm/next@16.2.1_@babel+core@7.2_362c6897e98f78157a7f59905ed20b55/node_modules/next/dist/next-devtools/shared/forward-logs-shared.js:27
[  204353ms] [LOG] [Fast Refresh] rebuilding @ webpack-internal:///(app-pages-browser)/./node_modules/.pnpm/next@16.2.1_@babel+core@7.2_362c6897e98f78157a7f59905ed20b55/node_modules/next/dist/next-devtools/shared/forward-logs-shared.js:27
[  204483ms] [LOG] [Fast Refresh] done in 131ms @ webpack-internal:///(app-pages-browser)/./node_modules/.pnpm/next@16.2.1_@babel+core@7.2_362c6897e98f78157a7f59905ed20b55/node_modules/next/dist/next-devtools/shared/forward-logs-shared.js:27
[  204701ms] [LOG] [Fast Refresh] rebuilding @ webpack-internal:///(app-pages-browser)/./node_modules/.pnpm/next@16.2.1_@babel+core@7.2_362c6897e98f78157a7f59905ed20b55/node_modules/next/dist/next-devtools/shared/forward-logs-shared.js:27
[  204843ms] [LOG] [Fast Refresh] done in 142ms @ webpack-internal:///(app-pages-browser)/./node_modules/.pnpm/next@16.2.1_@babel+core@7.2_362c6897e98f78157a7f59905ed20b55/node_modules/next/dist/next-devtools/shared/forward-logs-shared.js:27
[  205053ms] [LOG] [Fast Refresh] rebuilding @ webpack-internal:///(app-pages-browser)/./node_modules/.pnpm/next@16.2.1_@babel+core@7.2_362c6897e98f78157a7f59905ed20b55/node_modules/next/dist/next-devtools/shared/forward-logs-shared.js:27
[  205192ms] [LOG] [Fast Refresh] done in 138ms @ webpack-internal:///(app-pages-browser)/./node_modules/.pnpm/next@16.2.1_@babel+core@7.2_362c6897e98f78157a7f59905ed20b55/node_modules/next/dist/next-devtools/shared/forward-logs-shared.js:27
[  205362ms] [LOG] [Fast Refresh] rebuilding @ webpack-internal:///(app-pages-browser)/./node_modules/.pnpm/next@16.2.1_@babel+core@7.2_362c6897e98f78157a7f59905ed20b55/node_modules/next/dist/next-devtools/shared/forward-logs-shared.js:27
[  205470ms] [LOG] [Fast Refresh] done in 109ms @ webpack-internal:///(app-pages-browser)/./node_modules/.pnpm/next@16.2.1_@babel+core@7.2_362c6897e98f78157a7f59905ed20b55/node_modules/next/dist/next-devtools/shared/forward-logs-shared.js:27
[  205672ms] [LOG] [Fast Refresh] rebuilding @ webpack-internal:///(app-pages-browser)/./node_modules/.pnpm/next@16.2.1_@babel+core@7.2_362c6897e98f78157a7f59905ed20b55/node_modules/next/dist/next-devtools/shared/forward-logs-shared.js:27
[  205824ms] [LOG] [Fast Refresh] done in 153ms @ webpack-internal:///(app-pages-browser)/./node_modules/.pnpm/next@16.2.1_@babel+core@7.2_362c6897e98f78157a7f59905ed20b55/node_modules/next/dist/next-devtools/shared/forward-logs-shared.js:27
[  206001ms] [LOG] [Fast Refresh] rebuilding @ webpack-internal:///(app-pages-browser)/./node_modules/.pnpm/next@16.2.1_@babel+core@7.2_362c6897e98f78157a7f59905ed20b55/node_modules/next/dist/next-devtools/shared/forward-logs-shared.js:27
[  206117ms] [LOG] [Fast Refresh] done in 115ms @ webpack-internal:///(app-pages-browser)/./node_modules/.pnpm/next@16.2.1_@babel+core@7.2_362c6897e98f78157a7f59905ed20b55/node_modules/next/dist/next-devtools/shared/forward-logs-shared.js:27
[  206291ms] [LOG] [Fast Refresh] rebuilding @ webpack-internal:///(app-pages-browser)/./node_modules/.pnpm/next@16.2.1_@babel+core@7.2_362c6897e98f78157a7f59905ed20b55/node_modules/next/dist/next-devtools/shared/forward-logs-shared.js:27
[  206428ms] [LOG] [Fast Refresh] done in 137ms @ webpack-internal:///(app-pages-browser)/./node_modules/.pnpm/next@16.2.1_@babel+core@7.2_362c6897e98f78157a7f59905ed20b55/node_modules/next/dist/next-devtools/shared/forward-logs-shared.js:27
[  206636ms] [LOG] [Fast Refresh] rebuilding @ webpack-internal:///(app-pages-browser)/./node_modules/.pnpm/next@16.2.1_@babel+core@7.2_362c6897e98f78157a7f59905ed20b55/node_modules/next/dist/next-devtools/shared/forward-logs-shared.js:27
[  206795ms] [LOG] [Fast Refresh] done in 158ms @ webpack-internal:///(app-pages-browser)/./node_modules/.pnpm/next@16.2.1_@babel+core@7.2_362c6897e98f78157a7f59905ed20b55/node_modules/next/dist/next-devtools/shared/forward-logs-shared.js:27
[  206996ms] [LOG] [Fast Refresh] rebuilding @ webpack-internal:///(app-pages-browser)/./node_modules/.pnpm/next@16.2.1_@babel+core@7.2_362c6897e98f78157a7f59905ed20b55/node_modules/next/dist/next-devtools/shared/forward-logs-shared.js:27
[  207149ms] [LOG] [Fast Refresh] done in 154ms @ webpack-internal:///(app-pages-browser)/./node_modules/.pnpm/next@16.2.1_@babel+core@7.2_362c6897e98f78157a7f59905ed20b55/node_modules/next/dist/next-devtools/shared/forward-logs-shared.js:27
[  207316ms] [LOG] [Fast Refresh] rebuilding @ webpack-internal:///(app-pages-browser)/./node_modules/.pnpm/next@16.2.1_@babel+core@7.2_362c6897e98f78157a7f59905ed20b55/node_modules/next/dist/next-devtools/shared/forward-logs-shared.js:27
[  207482ms] [LOG] [Fast Refresh] done in 167ms @ webpack-internal:///(app-pages-browser)/./node_modules/.pnpm/next@16.2.1_@babel+core@7.2_362c6897e98f78157a7f59905ed20b55/node_modules/next/dist/next-devtools/shared/forward-logs-shared.js:27
[  207684ms] [LOG] [Fast Refresh] rebuilding @ webpack-internal:///(app-pages-browser)/./node_modules/.pnpm/next@16.2.1_@babel+core@7.2_362c6897e98f78157a7f59905ed20b55/node_modules/next/dist/next-devtools/shared/forward-logs-shared.js:27
[  207863ms] [LOG] [Fast Refresh] done in 178ms @ webpack-internal:///(app-pages-browser)/./node_modules/.pnpm/next@16.2.1_@babel+core@7.2_362c6897e98f78157a7f59905ed20b55/node_modules/next/dist/next-devtools/shared/forward-logs-shared.js:27
[  208051ms] [LOG] [Fast Refresh] rebuilding @ webpack-internal:///(app-pages-browser)/./node_modules/.pnpm/next@16.2.1_@babel+core@7.2_362c6897e98f78157a7f59905ed20b55/node_modules/next/dist/next-devtools/shared/forward-logs-shared.js:27
[  208189ms] [LOG] [Fast Refresh] done in 137ms @ webpack-internal:///(app-pages-browser)/./node_modules/.pnpm/next@16.2.1_@babel+core@7.2_362c6897e98f78157a7f59905ed20b55/node_modules/next/dist/next-devtools/shared/forward-logs-shared.js:27
[  208420ms] [LOG] [Fast Refresh] rebuilding @ webpack-internal:///(app-pages-browser)/./node_modules/.pnpm/next@16.2.1_@babel+core@7.2_362c6897e98f78157a7f59905ed20b55/node_modules/next/dist/next-devtools/shared/forward-logs-shared.js:27
[  208550ms] [LOG] [Fast Refresh] done in 129ms @ webpack-internal:///(app-pages-browser)/./node_modules/.pnpm/next@16.2.1_@babel+core@7.2_362c6897e98f78157a7f59905ed20b55/node_modules/next/dist/next-devtools/shared/forward-logs-shared.js:27
[  208718ms] [LOG] [Fast Refresh] rebuilding @ webpack-internal:///(app-pages-browser)/./node_modules/.pnpm/next@16.2.1_@babel+core@7.2_362c6897e98f78157a7f59905ed20b55/node_modules/next/dist/next-devtools/shared/forward-logs-shared.js:27
[  208882ms] [LOG] [Fast Refresh] done in 164ms @ webpack-internal:///(app-pages-browser)/./node_modules/.pnpm/next@16.2.1_@babel+core@7.2_362c6897e98f78157a7f59905ed20b55/node_modules/next/dist/next-devtools/shared/forward-logs-shared.js:27
[  209061ms] [LOG] [Fast Refresh] rebuilding @ webpack-internal:///(app-pages-browser)/./node_modules/.pnpm/next@16.2.1_@babel+core@7.2_362c6897e98f78157a7f59905ed20b55/node_modules/next/dist/next-devtools/shared/forward-logs-shared.js:27
[  209167ms] [LOG] [Fast Refresh] done in 105ms @ webpack-internal:///(app-pages-browser)/./node_modules/.pnpm/next@16.2.1_@babel+core@7.2_362c6897e98f78157a7f59905ed20b55/node_modules/next/dist/next-devtools/shared/forward-logs-shared.js:27
[  209359ms] [LOG] [Fast Refresh] rebuilding @ webpack-internal:///(app-pages-browser)/./node_modules/.pnpm/next@16.2.1_@babel+core@7.2_362c6897e98f78157a7f59905ed20b55/node_modules/next/dist/next-devtools/shared/forward-logs-shared.js:27
[  209516ms] [LOG] [Fast Refresh] done in 158ms @ webpack-internal:///(app-pages-browser)/./node_modules/.pnpm/next@16.2.1_@babel+core@7.2_362c6897e98f78157a7f59905ed20b55/node_modules/next/dist/next-devtools/shared/forward-logs-shared.js:27
[  209699ms] [LOG] [Fast Refresh] rebuilding @ webpack-internal:///(app-pages-browser)/./node_modules/.pnpm/next@16.2.1_@babel+core@7.2_362c6897e98f78157a7f59905ed20b55/node_modules/next/dist/next-devtools/shared/forward-logs-shared.js:27
[  209810ms] [LOG] [Fast Refresh] done in 112ms @ webpack-internal:///(app-pages-browser)/./node_modules/.pnpm/next@16.2.1_@babel+core@7.2_362c6897e98f78157a7f59905ed20b55/node_modules/next/dist/next-devtools/shared/forward-logs-shared.js:27
[  209993ms] [LOG] [Fast Refresh] rebuilding @ webpack-internal:///(app-pages-browser)/./node_modules/.pnpm/next@16.2.1_@babel+core@7.2_362c6897e98f78157a7f59905ed20b55/node_modules/next/dist/next-devtools/shared/forward-logs-shared.js:27
[  210102ms] [LOG] [Fast Refresh] done in 109ms @ webpack-internal:///(app-pages-browser)/./node_modules/.pnpm/next@16.2.1_@babel+core@7.2_362c6897e98f78157a7f59905ed20b55/node_modules/next/dist/next-devtools/shared/forward-logs-shared.js:27
[  210287ms] [LOG] [Fast Refresh] rebuilding @ webpack-internal:///(app-pages-browser)/./node_modules/.pnpm/next@16.2.1_@babel+core@7.2_362c6897e98f78157a7f59905ed20b55/node_modules/next/dist/next-devtools/shared/forward-logs-shared.js:27
[  210428ms] [LOG] [Fast Refresh] done in 141ms @ webpack-internal:///(app-pages-browser)/./node_modules/.pnpm/next@16.2.1_@babel+core@7.2_362c6897e98f78157a7f59905ed20b55/node_modules/next/dist/next-devtools/shared/forward-logs-shared.js:27
[  210613ms] [LOG] [Fast Refresh] rebuilding @ webpack-internal:///(app-pages-browser)/./node_modules/.pnpm/next@16.2.1_@babel+core@7.2_362c6897e98f78157a7f59905ed20b55/node_modules/next/dist/next-devtools/shared/forward-logs-shared.js:27
[  210732ms] [LOG] [Fast Refresh] done in 120ms @ webpack-internal:///(app-pages-browser)/./node_modules/.pnpm/next@16.2.1_@babel+core@7.2_362c6897e98f78157a7f59905ed20b55/node_modules/next/dist/next-devtools/shared/forward-logs-shared.js:27
[  210935ms] [LOG] [Fast Refresh] rebuilding @ webpack-internal:///(app-pages-browser)/./node_modules/.pnpm/next@16.2.1_@babel+core@7.2_362c6897e98f78157a7f59905ed20b55/node_modules/next/dist/next-devtools/shared/forward-logs-shared.js:27
[  211089ms] [LOG] [Fast Refresh] done in 154ms @ webpack-internal:///(app-pages-browser)/./node_modules/.pnpm/next@16.2.1_@babel+core@7.2_362c6897e98f78157a7f59905ed20b55/node_modules/next/dist/next-devtools/shared/forward-logs-shared.js:27
[  211285ms] [LOG] [Fast Refresh] rebuilding @ webpack-internal:///(app-pages-browser)/./node_modules/.pnpm/next@16.2.1_@babel+core@7.2_362c6897e98f78157a7f59905ed20b55/node_modules/next/dist/next-devtools/shared/forward-logs-shared.js:27
[  211402ms] [LOG] [Fast Refresh] done in 117ms @ webpack-internal:///(app-pages-browser)/./node_modules/.pnpm/next@16.2.1_@babel+core@7.2_362c6897e98f78157a7f59905ed20b55/node_modules/next/dist/next-devtools/shared/forward-logs-shared.js:27
[  211596ms] [LOG] [Fast Refresh] rebuilding @ webpack-internal:///(app-pages-browser)/./node_modules/.pnpm/next@16.2.1_@babel+core@7.2_362c6897e98f78157a7f59905ed20b55/node_modules/next/dist/next-devtools/shared/forward-logs-shared.js:27
[  211716ms] [LOG] [Fast Refresh] done in 120ms @ webpack-internal:///(app-pages-browser)/./node_modules/.pnpm/next@16.2.1_@babel+core@7.2_362c6897e98f78157a7f59905ed20b55/node_modules/next/dist/next-devtools/shared/forward-logs-shared.js:27
[  211892ms] [LOG] [Fast Refresh] rebuilding @ webpack-internal:///(app-pages-browser)/./node_modules/.pnpm/next@16.2.1_@babel+core@7.2_362c6897e98f78157a7f59905ed20b55/node_modules/next/dist/next-devtools/shared/forward-logs-shared.js:27
[  212044ms] [LOG] [Fast Refresh] done in 152ms @ webpack-internal:///(app-pages-browser)/./node_modules/.pnpm/next@16.2.1_@babel+core@7.2_362c6897e98f78157a7f59905ed20b55/node_modules/next/dist/next-devtools/shared/forward-logs-shared.js:27
[  212244ms] [LOG] [Fast Refresh] rebuilding @ webpack-internal:///(app-pages-browser)/./node_modules/.pnpm/next@16.2.1_@babel+core@7.2_362c6897e98f78157a7f59905ed20b55/node_modules/next/dist/next-devtools/shared/forward-logs-shared.js:27
[  212409ms] [LOG] [Fast Refresh] done in 165ms @ webpack-internal:///(app-pages-browser)/./node_modules/.pnpm/next@16.2.1_@babel+core@7.2_362c6897e98f78157a7f59905ed20b55/node_modules/next/dist/next-devtools/shared/forward-logs-shared.js:27
[  212665ms] [LOG] [Fast Refresh] rebuilding @ webpack-internal:///(app-pages-browser)/./node_modules/.pnpm/next@16.2.1_@babel+core@7.2_362c6897e98f78157a7f59905ed20b55/node_modules/next/dist/next-devtools/shared/forward-logs-shared.js:27
[  212763ms] [LOG] [Fast Refresh] done in 99ms @ webpack-internal:///(app-pages-browser)/./node_modules/.pnpm/next@16.2.1_@babel+core@7.2_362c6897e98f78157a7f59905ed20b55/node_modules/next/dist/next-devtools/shared/forward-logs-shared.js:27
[  212987ms] [LOG] [Fast Refresh] rebuilding @ webpack-internal:///(app-pages-browser)/./node_modules/.pnpm/next@16.2.1_@babel+core@7.2_362c6897e98f78157a7f59905ed20b55/node_modules/next/dist/next-devtools/shared/forward-logs-shared.js:27
[  213075ms] [LOG] [Fast Refresh] done in 87ms @ webpack-internal:///(app-pages-browser)/./node_modules/.pnpm/next@16.2.1_@babel+core@7.2_362c6897e98f78157a7f59905ed20b55/node_modules/next/dist/next-devtools/shared/forward-logs-shared.js:27
[  213330ms] [LOG] [Fast Refresh] rebuilding @ webpack-internal:///(app-pages-browser)/./node_modules/.pnpm/next@16.2.1_@babel+core@7.2_362c6897e98f78157a7f59905ed20b55/node_modules/next/dist/next-devtools/shared/forward-logs-shared.js:27
[  213430ms] [LOG] [Fast Refresh] done in 99ms @ webpack-internal:///(app-pages-browser)/./node_modules/.pnpm/next@16.2.1_@babel+core@7.2_362c6897e98f78157a7f59905ed20b55/node_modules/next/dist/next-devtools/shared/forward-logs-shared.js:27
[  213630ms] [LOG] [Fast Refresh] rebuilding @ webpack-internal:///(app-pages-browser)/./node_modules/.pnpm/next@16.2.1_@babel+core@7.2_362c6897e98f78157a7f59905ed20b55/node_modules/next/dist/next-devtools/shared/forward-logs-shared.js:27
[  213712ms] [LOG] [Fast Refresh] done in 81ms @ webpack-internal:///(app-pages-browser)/./node_modules/.pnpm/next@16.2.1_@babel+core@7.2_362c6897e98f78157a7f59905ed20b55/node_modules/next/dist/next-devtools/shared/forward-logs-shared.js:27
[  213917ms] [LOG] [Fast Refresh] rebuilding @ webpack-internal:///(app-pages-browser)/./node_modules/.pnpm/next@16.2.1_@babel+core@7.2_362c6897e98f78157a7f59905ed20b55/node_modules/next/dist/next-devtools/shared/forward-logs-shared.js:27
[  214009ms] [LOG] [Fast Refresh] done in 92ms @ webpack-internal:///(app-pages-browser)/./node_modules/.pnpm/next@16.2.1_@babel+core@7.2_362c6897e98f78157a7f59905ed20b55/node_modules/next/dist/next-devtools/shared/forward-logs-shared.js:27
[  214185ms] [LOG] [Fast Refresh] rebuilding @ webpack-internal:///(app-pages-browser)/./node_modules/.pnpm/next@16.2.1_@babel+core@7.2_362c6897e98f78157a7f59905ed20b55/node_modules/next/dist/next-devtools/shared/forward-logs-shared.js:27
[  214253ms] [LOG] [Fast Refresh] done in 69ms @ webpack-internal:///(app-pages-browser)/./node_modules/.pnpm/next@16.2.1_@babel+core@7.2_362c6897e98f78157a7f59905ed20b55/node_modules/next/dist/next-devtools/shared/forward-logs-shared.js:27
[  214427ms] [LOG] [Fast Refresh] rebuilding @ webpack-internal:///(app-pages-browser)/./node_modules/.pnpm/next@16.2.1_@babel+core@7.2_362c6897e98f78157a7f59905ed20b55/node_modules/next/dist/next-devtools/shared/forward-logs-shared.js:27
[  214502ms] [LOG] [Fast Refresh] done in 75ms @ webpack-internal:///(app-pages-browser)/./node_modules/.pnpm/next@16.2.1_@babel+core@7.2_362c6897e98f78157a7f59905ed20b55/node_modules/next/dist/next-devtools/shared/forward-logs-shared.js:27
[  214720ms] [LOG] [Fast Refresh] rebuilding @ webpack-internal:///(app-pages-browser)/./node_modules/.pnpm/next@16.2.1_@babel+core@7.2_362c6897e98f78157a7f59905ed20b55/node_modules/next/dist/next-devtools/shared/forward-logs-shared.js:27
[  214843ms] [LOG] [Fast Refresh] done in 123ms @ webpack-internal:///(app-pages-browser)/./node_modules/.pnpm/next@16.2.1_@babel+core@7.2_362c6897e98f78157a7f59905ed20b55/node_modules/next/dist/next-devtools/shared/forward-logs-shared.js:27
[  215011ms] [LOG] [Fast Refresh] rebuilding @ webpack-internal:///(app-pages-browser)/./node_modules/.pnpm/next@16.2.1_@babel+core@7.2_362c6897e98f78157a7f59905ed20b55/node_modules/next/dist/next-devtools/shared/forward-logs-shared.js:27
[  215074ms] [LOG] [Fast Refresh] done in 63ms @ webpack-internal:///(app-pages-browser)/./node_modules/.pnpm/next@16.2.1_@babel+core@7.2_362c6897e98f78157a7f59905ed20b55/node_modules/next/dist/next-devtools/shared/forward-logs-shared.js:27
[  215265ms] [LOG] [Fast Refresh] rebuilding @ webpack-internal:///(app-pages-browser)/./node_modules/.pnpm/next@16.2.1_@babel+core@7.2_362c6897e98f78157a7f59905ed20b55/node_modules/next/dist/next-devtools/shared/forward-logs-shared.js:27
[  215347ms] [LOG] [Fast Refresh] done in 82ms @ webpack-internal:///(app-pages-browser)/./node_modules/.pnpm/next@16.2.1_@babel+core@7.2_362c6897e98f78157a7f59905ed20b55/node_modules/next/dist/next-devtools/shared/forward-logs-shared.js:27
[  215525ms] [LOG] [Fast Refresh] rebuilding @ webpack-internal:///(app-pages-browser)/./node_modules/.pnpm/next@16.2.1_@babel+core@7.2_362c6897e98f78157a7f59905ed20b55/node_modules/next/dist/next-devtools/shared/forward-logs-shared.js:27
[  215606ms] [LOG] [Fast Refresh] done in 81ms @ webpack-internal:///(app-pages-browser)/./node_modules/.pnpm/next@16.2.1_@babel+core@7.2_362c6897e98f78157a7f59905ed20b55/node_modules/next/dist/next-devtools/shared/forward-logs-shared.js:27
[  215793ms] [LOG] [Fast Refresh] rebuilding @ webpack-internal:///(app-pages-browser)/./node_modules/.pnpm/next@16.2.1_@babel+core@7.2_362c6897e98f78157a7f59905ed20b55/node_modules/next/dist/next-devtools/shared/forward-logs-shared.js:27
[  215895ms] [LOG] [Fast Refresh] done in 102ms @ webpack-internal:///(app-pages-browser)/./node_modules/.pnpm/next@16.2.1_@babel+core@7.2_362c6897e98f78157a7f59905ed20b55/node_modules/next/dist/next-devtools/shared/forward-logs-shared.js:27
[  216143ms] [LOG] [Fast Refresh] rebuilding @ webpack-internal:///(app-pages-browser)/./node_modules/.pnpm/next@16.2.1_@babel+core@7.2_362c6897e98f78157a7f59905ed20b55/node_modules/next/dist/next-devtools/shared/forward-logs-shared.js:27
[  216248ms] [LOG] [Fast Refresh] done in 106ms @ webpack-internal:///(app-pages-browser)/./node_modules/.pnpm/next@16.2.1_@babel+core@7.2_362c6897e98f78157a7f59905ed20b55/node_modules/next/dist/next-devtools/shared/forward-logs-shared.js:27
[  216477ms] [LOG] [Fast Refresh] rebuilding @ webpack-internal:///(app-pages-browser)/./node_modules/.pnpm/next@16.2.1_@babel+core@7.2_362c6897e98f78157a7f59905ed20b55/node_modules/next/dist/next-devtools/shared/forward-logs-shared.js:27
[  216568ms] [LOG] [Fast Refresh] done in 91ms @ webpack-internal:///(app-pages-browser)/./node_modules/.pnpm/next@16.2.1_@babel+core@7.2_362c6897e98f78157a7f59905ed20b55/node_modules/next/dist/next-devtools/shared/forward-logs-shared.js:27
[  216786ms] [LOG] [Fast Refresh] rebuilding @ webpack-internal:///(app-pages-browser)/./node_modules/.pnpm/next@16.2.1_@babel+core@7.2_362c6897e98f78157a7f59905ed20b55/node_modules/next/dist/next-devtools/shared/forward-logs-shared.js:27
[  216876ms] [LOG] [Fast Refresh] done in 91ms @ webpack-internal:///(app-pages-browser)/./node_modules/.pnpm/next@16.2.1_@babel+core@7.2_362c6897e98f78157a7f59905ed20b55/node_modules/next/dist/next-devtools/shared/forward-logs-shared.js:27
[  217077ms] [LOG] [Fast Refresh] rebuilding @ webpack-internal:///(app-pages-browser)/./node_modules/.pnpm/next@16.2.1_@babel+core@7.2_362c6897e98f78157a7f59905ed20b55/node_modules/next/dist/next-devtools/shared/forward-logs-shared.js:27
[  217157ms] [LOG] [Fast Refresh] done in 79ms @ webpack-internal:///(app-pages-browser)/./node_modules/.pnpm/next@16.2.1_@babel+core@7.2_362c6897e98f78157a7f59905ed20b55/node_modules/next/dist/next-devtools/shared/forward-logs-shared.js:27
[  217364ms] [LOG] [Fast Refresh] rebuilding @ webpack-internal:///(app-pages-browser)/./node_modules/.pnpm/next@16.2.1_@babel+core@7.2_362c6897e98f78157a7f59905ed20b55/node_modules/next/dist/next-devtools/shared/forward-logs-shared.js:27
[  217469ms] [LOG] [Fast Refresh] done in 104ms @ webpack-internal:///(app-pages-browser)/./node_modules/.pnpm/next@16.2.1_@babel+core@7.2_362c6897e98f78157a7f59905ed20b55/node_modules/next/dist/next-devtools/shared/forward-logs-shared.js:27
[  217690ms] [LOG] [Fast Refresh] rebuilding @ webpack-internal:///(app-pages-browser)/./node_modules/.pnpm/next@16.2.1_@babel+core@7.2_362c6897e98f78157a7f59905ed20b55/node_modules/next/dist/next-devtools/shared/forward-logs-shared.js:27
[  217772ms] [LOG] [Fast Refresh] done in 81ms @ webpack-internal:///(app-pages-browser)/./node_modules/.pnpm/next@16.2.1_@babel+core@7.2_362c6897e98f78157a7f59905ed20b55/node_modules/next/dist/next-devtools/shared/forward-logs-shared.js:27
[  218030ms] [LOG] [Fast Refresh] rebuilding @ webpack-internal:///(app-pages-browser)/./node_modules/.pnpm/next@16.2.1_@babel+core@7.2_362c6897e98f78157a7f59905ed20b55/node_modules/next/dist/next-devtools/shared/forward-logs-shared.js:27
[  218167ms] [LOG] [Fast Refresh] done in 138ms @ webpack-internal:///(app-pages-browser)/./node_modules/.pnpm/next@16.2.1_@babel+core@7.2_362c6897e98f78157a7f59905ed20b55/node_modules/next/dist/next-devtools/shared/forward-logs-shared.js:27
[  218383ms] [LOG] [Fast Refresh] rebuilding @ webpack-internal:///(app-pages-browser)/./node_modules/.pnpm/next@16.2.1_@babel+core@7.2_362c6897e98f78157a7f59905ed20b55/node_modules/next/dist/next-devtools/shared/forward-logs-shared.js:27
[  218498ms] [LOG] [Fast Refresh] done in 115ms @ webpack-internal:///(app-pages-browser)/./node_modules/.pnpm/next@16.2.1_@babel+core@7.2_362c6897e98f78157a7f59905ed20b55/node_modules/next/dist/next-devtools/shared/forward-logs-shared.js:27
[  218745ms] [LOG] [Fast Refresh] rebuilding @ webpack-internal:///(app-pages-browser)/./node_modules/.pnpm/next@16.2.1_@babel+core@7.2_362c6897e98f78157a7f59905ed20b55/node_modules/next/dist/next-devtools/shared/forward-logs-shared.js:27
[  218835ms] [LOG] [Fast Refresh] done in 90ms @ webpack-internal:///(app-pages-browser)/./node_modules/.pnpm/next@16.2.1_@babel+core@7.2_362c6897e98f78157a7f59905ed20b55/node_modules/next/dist/next-devtools/shared/forward-logs-shared.js:27
[  219058ms] [LOG] [Fast Refresh] rebuilding @ webpack-internal:///(app-pages-browser)/./node_modules/.pnpm/next@16.2.1_@babel+core@7.2_362c6897e98f78157a7f59905ed20b55/node_modules/next/dist/next-devtools/shared/forward-logs-shared.js:27
[  219140ms] [LOG] [Fast Refresh] done in 81ms @ webpack-internal:///(app-pages-browser)/./node_modules/.pnpm/next@16.2.1_@babel+core@7.2_362c6897e98f78157a7f59905ed20b55/node_modules/next/dist/next-devtools/shared/forward-logs-shared.js:27
[  219334ms] [LOG] [Fast Refresh] rebuilding @ webpack-internal:///(app-pages-browser)/./node_modules/.pnpm/next@16.2.1_@babel+core@7.2_362c6897e98f78157a7f59905ed20b55/node_modules/next/dist/next-devtools/shared/forward-logs-shared.js:27
[  219399ms] [LOG] [Fast Refresh] done in 64ms @ webpack-internal:///(app-pages-browser)/./node_modules/.pnpm/next@16.2.1_@babel+core@7.2_362c6897e98f78157a7f59905ed20b55/node_modules/next/dist/next-devtools/shared/forward-logs-shared.js:27
[  219586ms] [LOG] [Fast Refresh] rebuilding @ webpack-internal:///(app-pages-browser)/./node_modules/.pnpm/next@16.2.1_@babel+core@7.2_362c6897e98f78157a7f59905ed20b55/node_modules/next/dist/next-devtools/shared/forward-logs-shared.js:27
[  219665ms] [LOG] [Fast Refresh] done in 80ms @ webpack-internal:///(app-pages-browser)/./node_modules/.pnpm/next@16.2.1_@babel+core@7.2_362c6897e98f78157a7f59905ed20b55/node_modules/next/dist/next-devtools/shared/forward-logs-shared.js:27
[  219863ms] [LOG] [Fast Refresh] rebuilding @ webpack-internal:///(app-pages-browser)/./node_modules/.pnpm/next@16.2.1_@babel+core@7.2_362c6897e98f78157a7f59905ed20b55/node_modules/next/dist/next-devtools/shared/forward-logs-shared.js:27
[  219958ms] [LOG] [Fast Refresh] done in 94ms @ webpack-internal:///(app-pages-browser)/./node_modules/.pnpm/next@16.2.1_@babel+core@7.2_362c6897e98f78157a7f59905ed20b55/node_modules/next/dist/next-devtools/shared/forward-logs-shared.js:27
[  220197ms] [LOG] [Fast Refresh] rebuilding @ webpack-internal:///(app-pages-browser)/./node_modules/.pnpm/next@16.2.1_@babel+core@7.2_362c6897e98f78157a7f59905ed20b55/node_modules/next/dist/next-devtools/shared/forward-logs-shared.js:27
[  220303ms] [LOG] [Fast Refresh] done in 106ms @ webpack-internal:///(app-pages-browser)/./node_modules/.pnpm/next@16.2.1_@babel+core@7.2_362c6897e98f78157a7f59905ed20b55/node_modules/next/dist/next-devtools/shared/forward-logs-shared.js:27
[  220483ms] [LOG] [Fast Refresh] rebuilding @ webpack-internal:///(app-pages-browser)/./node_modules/.pnpm/next@16.2.1_@babel+core@7.2_362c6897e98f78157a7f59905ed20b55/node_modules/next/dist/next-devtools/shared/forward-logs-shared.js:27
[  220563ms] [LOG] [Fast Refresh] done in 79ms @ webpack-internal:///(app-pages-browser)/./node_modules/.pnpm/next@16.2.1_@babel+core@7.2_362c6897e98f78157a7f59905ed20b55/node_modules/next/dist/next-devtools/shared/forward-logs-shared.js:27
[  220865ms] [LOG] [Fast Refresh] rebuilding @ webpack-internal:///(app-pages-browser)/./node_modules/.pnpm/next@16.2.1_@babel+core@7.2_362c6897e98f78157a7f59905ed20b55/node_modules/next/dist/next-devtools/shared/forward-logs-shared.js:27
[  220968ms] [LOG] [Fast Refresh] done in 104ms @ webpack-internal:///(app-pages-browser)/./node_modules/.pnpm/next@16.2.1_@babel+core@7.2_362c6897e98f78157a7f59905ed20b55/node_modules/next/dist/next-devtools/shared/forward-logs-shared.js:27
[  221221ms] [LOG] [Fast Refresh] rebuilding @ webpack-internal:///(app-pages-browser)/./node_modules/.pnpm/next@16.2.1_@babel+core@7.2_362c6897e98f78157a7f59905ed20b55/node_modules/next/dist/next-devtools/shared/forward-logs-shared.js:27
[  221332ms] [LOG] [Fast Refresh] done in 111ms @ webpack-internal:///(app-pages-browser)/./node_modules/.pnpm/next@16.2.1_@babel+core@7.2_362c6897e98f78157a7f59905ed20b55/node_modules/next/dist/next-devtools/shared/forward-logs-shared.js:27
[  221583ms] [LOG] [Fast Refresh] rebuilding @ webpack-internal:///(app-pages-browser)/./node_modules/.pnpm/next@16.2.1_@babel+core@7.2_362c6897e98f78157a7f59905ed20b55/node_modules/next/dist/next-devtools/shared/forward-logs-shared.js:27
[  221687ms] [LOG] [Fast Refresh] done in 104ms @ webpack-internal:///(app-pages-browser)/./node_modules/.pnpm/next@16.2.1_@babel+core@7.2_362c6897e98f78157a7f59905ed20b55/node_modules/next/dist/next-devtools/shared/forward-logs-shared.js:27
[  222112ms] [LOG] [Fast Refresh] rebuilding @ webpack-internal:///(app-pages-browser)/./node_modules/.pnpm/next@16.2.1_@babel+core@7.2_362c6897e98f78157a7f59905ed20b55/node_modules/next/dist/next-devtools/shared/forward-logs-shared.js:27
[  222249ms] [LOG] [Fast Refresh] done in 137ms @ webpack-internal:///(app-pages-browser)/./node_modules/.pnpm/next@16.2.1_@babel+core@7.2_362c6897e98f78157a7f59905ed20b55/node_modules/next/dist/next-devtools/shared/forward-logs-shared.js:27
[  222546ms] [LOG] [Fast Refresh] rebuilding @ webpack-internal:///(app-pages-browser)/./node_modules/.pnpm/next@16.2.1_@babel+core@7.2_362c6897e98f78157a7f59905ed20b55/node_modules/next/dist/next-devtools/shared/forward-logs-shared.js:27
[  222684ms] [LOG] [Fast Refresh] done in 138ms @ webpack-internal:///(app-pages-browser)/./node_modules/.pnpm/next@16.2.1_@babel+core@7.2_362c6897e98f78157a7f59905ed20b55/node_modules/next/dist/next-devtools/shared/forward-logs-shared.js:27
[  222985ms] [LOG] [Fast Refresh] rebuilding @ webpack-internal:///(app-pages-browser)/./node_modules/.pnpm/next@16.2.1_@babel+core@7.2_362c6897e98f78157a7f59905ed20b55/node_modules/next/dist/next-devtools/shared/forward-logs-shared.js:27
[  223039ms] [LOG] [Fast Refresh] done in 53ms @ webpack-internal:///(app-pages-browser)/./node_modules/.pnpm/next@16.2.1_@babel+core@7.2_362c6897e98f78157a7f59905ed20b55/node_modules/next/dist/next-devtools/shared/forward-logs-shared.js:27
[  225247ms] [LOG] [Fast Refresh] done in 2261ms @ webpack-internal:///(app-pages-browser)/./node_modules/.pnpm/next@16.2.1_@babel+core@7.2_362c6897e98f78157a7f59905ed20b55/node_modules/next/dist/next-devtools/shared/forward-logs-shared.js:27
[  225262ms] [LOG] [Fast Refresh] rebuilding @ webpack-internal:///(app-pages-browser)/./node_modules/.pnpm/next@16.2.1_@babel+core@7.2_362c6897e98f78157a7f59905ed20b55/node_modules/next/dist/next-devtools/shared/forward-logs-shared.js:27
[  225596ms] [WARNING] [Fast Refresh] performing full reload

Fast Refresh will perform a full reload when you edit a file that's imported by modules outside of the React rendering tree.
You might have a file which exports a React component but also exports a value that is imported by a non-React component file.
Consider migrating the non-React component export to a separate file and importing it into both files.

It is also possible the parent component of the component you edited is a class component, which disables Fast Refresh.
Fast Refresh requires at least one parent function component in your React tree. @ webpack-internal:///(app-pages-browser)/./node_modules/.pnpm/next@16.2.1_@babel+core@7.2_362c6897e98f78157a7f59905ed20b55/node_modules/next/dist/next-devtools/shared/forward-logs-shared.js:27
[  225601ms] [ERROR] Failed to load resource: the server responded with a status of 403 (Forbidden) @ http://localhost:3000/api/proxy?url=https%3A%2F%2Fportal.allenisd.org%2Flogin:0
